<?xml version="1.0" encoding="UTF-8"?>
<metadata xml:lang="en"><Esri><CreaDate>20201105</CreaDate><CreaTime>14515300</CreaTime><ArcGISFormat>1.0</ArcGISFormat><SyncOnce>FALSE</SyncOnce><DataProperties><itemProps><itemLocation><linkage Sync="TRUE">file://\\ABZ-C7LQQ13\C$\Users\sdellachiesa\Documents\ArcGIS\Default.gdb</linkage><protocol Sync="TRUE">Local Area Network</protocol></itemLocation><itemName Sync="TRUE">VegetationskartierungLTER_fi5</itemName><imsContentType Sync="TRUE">002</imsContentType></itemProps><copyHistory><copy source="C:\Users\MPlaikner\Documents\LTER\Kartierung\LTER" dest="\\ABZN12025EIG\C$\Users\MPlaikner\Documents\LTER\Kartierung\LTERCopy" date="20151013" time="15531500"></copy></copyHistory><coordRef><type Sync="TRUE">Projected</type><geogcsn Sync="TRUE">GCS_WGS_1984</geogcsn><csUnits Sync="TRUE">Linear Unit: Meter (1.000000)</csUnits><projcsn Sync="TRUE">WGS_1984_UTM_Zone_32N</projcsn><peXml Sync="TRUE">&lt;ProjectedCoordinateSystem xsi:type='typens:ProjectedCoordinateSystem' xmlns:xsi='http://www.w3.org/2001/XMLSchema-instance' xmlns:xs='http://www.w3.org/2001/XMLSchema' xmlns:typens='http://www.esri.com/schemas/ArcGIS/10.8'&gt;&lt;WKT&gt;PROJCS[&amp;quot;WGS_1984_UTM_Zone_32N&amp;quot;,GEOGCS[&amp;quot;GCS_WGS_1984&amp;quot;,DATUM[&amp;quot;D_WGS_1984&amp;quot;,SPHEROID[&amp;quot;WGS_1984&amp;quot;,6378137.0,298.257223563]],PRIMEM[&amp;quot;Greenwich&amp;quot;,0.0],UNIT[&amp;quot;Degree&amp;quot;,0.0174532925199433]],PROJECTION[&amp;quot;Transverse_Mercator&amp;quot;],PARAMETER[&amp;quot;False_Easting&amp;quot;,500000.0],PARAMETER[&amp;quot;False_Northing&amp;quot;,0.0],PARAMETER[&amp;quot;Central_Meridian&amp;quot;,9.0],PARAMETER[&amp;quot;Scale_Factor&amp;quot;,0.9996],PARAMETER[&amp;quot;Latitude_Of_Origin&amp;quot;,0.0],UNIT[&amp;quot;Meter&amp;quot;,1.0],AUTHORITY[&amp;quot;EPSG&amp;quot;,32632]]&lt;/WKT&gt;&lt;XOrigin&gt;-5120900&lt;/XOrigin&gt;&lt;YOrigin&gt;-9998100&lt;/YOrigin&gt;&lt;XYScale&gt;10000&lt;/XYScale&gt;&lt;ZOrigin&gt;-100000&lt;/ZOrigin&gt;&lt;ZScale&gt;10000&lt;/ZScale&gt;&lt;MOrigin&gt;-100000&lt;/MOrigin&gt;&lt;MScale&gt;10000&lt;/MScale&gt;&lt;XYTolerance&gt;0.001&lt;/XYTolerance&gt;&lt;ZTolerance&gt;0.001&lt;/ZTolerance&gt;&lt;MTolerance&gt;0.001&lt;/MTolerance&gt;&lt;HighPrecision&gt;true&lt;/HighPrecision&gt;&lt;WKID&gt;32632&lt;/WKID&gt;&lt;LatestWKID&gt;32632&lt;/LatestWKID&gt;&lt;/ProjectedCoordinateSystem&gt;</peXml></coordRef><lineage><Process ToolSource="c:\program files (x86)\arcgis\desktop10.3\ArcToolbox\Toolboxes\Data Management Tools.tbx\Merge" Date="20151013" Time="160353">Merge LTERCopy;unproduktive_Fl C:\Users\MPlaikner\Documents\ArcGIS\Default.gdb\LTERCopy_Merge "Id "Id" true true false 6 Long 0 6 ,First,#,LTERCopy,Id,-1,-1,unproduktive_Fl,Id,-1,-1;VegTyp1 "VegTyp1" true true false 5 Short 0 5 ,First,#,LTERCopy,VegTyp1,-1,-1,unproduktive_Fl,VegTyp1,-1,-1;VegTyp2 "VegTyp2" true true false 5 Short 0 5 ,First,#,LTERCopy,VegTyp2,-1,-1,unproduktive_Fl,VegTyp2,-1,-1;VegTyp1PER "VegTyp1PER" true true false 5 Short 0 5 ,First,#,LTERCopy,VegTyp1PER,-1,-1,unproduktive_Fl,VegTyp1PER,-1,-1;VegTyp2PER "VegTyp2PER" true true false 5 Short 0 5 ,First,#,LTERCopy,VegTyp2PER,-1,-1,unproduktive_Fl,VegTyp2PER,-1,-1;Strukt_Typ "Strukt_Typ" true true false 5 Short 0 5 ,First,#,LTERCopy,Strukt_Typ,-1,-1,unproduktive_Fl,Strukt_Typ,-1,-1;Futtertyp "Futtertyp" true true false 5 Short 0 5 ,First,#,LTERCopy,Futtertyp,-1,-1,unproduktive_Fl,Futtertyp,-1,-1;Aktuelle_N "Aktuelle_N" true true false 5 Short 0 5 ,First,#,LTERCopy,Aktuelle_N,-1,-1,unproduktive_Fl,Aktuelle_N,-1,-1;Trittsch "Trittsch" true true false 5 Short 0 5 ,First,#,LTERCopy,Trittsch,-1,-1,unproduktive_Fl,Trittsch,-1,-1;QualKl "QualKl" true true false 19 Double 0 0 ,First,#,LTERCopy,QualKl,-1,-1,unproduktive_Fl,QualKl,-1,-1;Bestandesh "Bestandesh" true true false 5 Short 0 5 ,First,#,LTERCopy,Bestandesh,-1,-1,unproduktive_Fl,Bestandesh,-1,-1;Ant_ZS "Ant_ZS" true true false 5 Short 0 5 ,First,#,LTERCopy,Ant_ZS,-1,-1,unproduktive_Fl,Ant_ZS,-1,-1;Ant_M "Ant_M" true true false 5 Short 0 5 ,First,#,LTERCopy,Ant_M,-1,-1,unproduktive_Fl,Ant_M,-1,-1;Ant_VL "Ant_VL" true true false 5 Short 0 5 ,First,#,LTERCopy,Ant_VL,-1,-1,unproduktive_Fl,Ant_VL,-1,-1;Foto_NR "Foto_NR" true true false 5 Short 0 5 ,First,#,LTERCopy,Foto_NR,-1,-1,unproduktive_Fl,Foto_NR,-1,-1;Anmerkung "Anmerkung" true true false 200 Text 0 0 ,First,#,LTERCopy,Anmerkung,-1,-1,unproduktive_Fl,Anmerkung,-1,-1;FID_LTERCopy "FID_LTERCopy" true true false 4 Long 0 0 ,First,#,unproduktive_Fl,FID_LTERCopy,-1,-1;FID_Matsch_boundary "FID_Matsch_boundary" true true false 4 Long 0 0 ,First,#,unproduktive_Fl,FID_Matsch_boundary,-1,-1;Id_1 "Id" true true false 4 Long 0 0 ,First,#,unproduktive_Fl,Id_1,-1,-1;Index "Index" true true false 2 Short 0 0 ,First,#,unproduktive_Fl,Index,-1,-1;ORIG_FID "ORIG_FID" true true false 4 Long 0 0 ,First,#,unproduktive_Fl,ORIG_FID,-1,-1;Shape_Length "Shape_Length" false true true 8 Double 0 0 ,First,#,unproduktive_Fl,Shape_Length,-1,-1;Shape_Area "Shape_Area" false true true 8 Double 0 0 ,First,#,unproduktive_Fl,Shape_Area,-1,-1"</Process><Process ToolSource="c:\program files (x86)\arcgis\desktop10.3\ArcToolbox\Toolboxes\Data Management Tools.tbx\CopyFeatures" Date="20151026" Time="090115">CopyFeatures C:\Users\MPlaikner\Documents\LTER\Kartierung\Error_inspector\LTER_Error.shp C:\Users\MPlaikner\Documents\LTER\Kartierung\Error_inspector\LTER_error.gdb\LTER_Error # 0 0 0</Process><Process ToolSource="c:\program files (x86)\arcgis\desktop10.8\ArcToolbox\Toolboxes\Analysis Tools.tbx\Union" Date="20201105" Time="142857">Union "VegetationskartierungLTER_final #" C:\Users\sdellachiesa\Documents\ArcGIS\Default.gdb\VegetationskartierungLTER_fi1 ALL # NO_GAPS</Process><Process ToolSource="c:\program files (x86)\arcgis\desktop10.8\ArcToolbox\Toolboxes\Data Management Tools.tbx\CalculateField" Date="20201105" Time="143245">CalculateField VegetationskartierungLTER_fi1 dissolve "[Id] *0" VB #</Process><Process ToolSource="c:\program files (x86)\arcgis\desktop10.8\ArcToolbox\Toolboxes\Data Management Tools.tbx\Dissolve" Date="20201105" Time="143324">Dissolve VegetationskartierungLTER_fi1 C:\Users\sdellachiesa\Documents\ArcGIS\Default.gdb\VegetationskartierungLTER_fi5 dissolve # MULTI_PART DISSOLVE_LINES</Process></lineage></DataProperties><SyncDate>20201105</SyncDate><SyncTime>14332200</SyncTime><ModDate>20201105</ModDate><ModTime>14332200</ModTime></Esri><dataIdInfo><envirDesc Sync="TRUE"> Version 6.2 (Build 9200) ; Esri ArcGIS 10.8.0.12790</envirDesc><dataLang><languageCode value="eng" Sync="TRUE"></languageCode><countryCode value="USA" Sync="TRUE"></countryCode></dataLang><idCitation><resTitle Sync="TRUE">VegetationskartierungLTER_fi5</resTitle><presForm><PresFormCd value="005" Sync="TRUE"></PresFormCd></presForm></idCitation><spatRpType><SpatRepTypCd value="001" Sync="TRUE"></SpatRepTypCd></spatRpType></dataIdInfo><mdLang><languageCode value="eng" Sync="TRUE"></languageCode><countryCode value="USA" Sync="TRUE"></countryCode></mdLang><distInfo><distFormat><formatName Sync="TRUE">File Geodatabase Feature Class</formatName></distFormat></distInfo><mdHrLv><ScopeCd value="005" Sync="TRUE"></ScopeCd></mdHrLv><mdHrLvName Sync="TRUE">dataset</mdHrLvName><refSysInfo><RefSystem><refSysID><identCode code="32632" Sync="TRUE"></identCode><idCodeSpace Sync="TRUE">EPSG</idCodeSpace><idVersion Sync="TRUE">2.1(3.0.1)</idVersion></refSysID></RefSystem></refSysInfo><spatRepInfo><VectSpatRep><geometObjs Name="VegetationskartierungLTER_fi5"><geoObjTyp><GeoObjTypCd value="002" Sync="TRUE"></GeoObjTypCd></geoObjTyp><geoObjCnt Sync="TRUE">0</geoObjCnt></geometObjs><topLvl><TopoLevCd value="001" Sync="TRUE"></TopoLevCd></topLvl></VectSpatRep></spatRepInfo><spdoinfo><ptvctinf><esriterm Name="VegetationskartierungLTER_fi5"><efeatyp Sync="TRUE">Simple</efeatyp><efeageom code="4" Sync="TRUE"></efeageom><esritopo Sync="TRUE">FALSE</esritopo><efeacnt Sync="TRUE">0</efeacnt><spindex Sync="TRUE">TRUE</spindex><linrefer Sync="TRUE">FALSE</linrefer></esriterm></ptvctinf></spdoinfo><eainfo><detailed Name="VegetationskartierungLTER_fi5"><enttyp><enttypl Sync="TRUE">VegetationskartierungLTER_fi5</enttypl><enttypt Sync="TRUE">Feature Class</enttypt><enttypc Sync="TRUE">0</enttypc></enttyp><attr><attrlabl Sync="TRUE">OBJECTID</attrlabl><attalias Sync="TRUE">FID</attalias><attrtype Sync="TRUE">OID</attrtype><attwidth Sync="TRUE">4</attwidth><atprecis Sync="TRUE">0</atprecis><attscale Sync="TRUE">0</attscale><attrdef Sync="TRUE">Internal feature number.</attrdef><attrdefs Sync="TRUE">Esri</attrdefs><attrdomv><udom Sync="TRUE">Sequential unique whole numbers that are automatically generated.</udom></attrdomv></attr><attr><attrlabl Sync="TRUE">Shape</attrlabl><attalias Sync="TRUE">Shape</attalias><attrtype Sync="TRUE">Geometry</attrtype><attwidth Sync="TRUE">0</attwidth><atprecis Sync="TRUE">0</atprecis><attscale Sync="TRUE">0</attscale><attrdef Sync="TRUE">Feature geometry.</attrdef><attrdefs Sync="TRUE">Esri</attrdefs><attrdomv><udom Sync="TRUE">Coordinates defining the features.</udom></attrdomv></attr><attr><attrlabl Sync="TRUE">dissolve</attrlabl><attalias Sync="TRUE">dissolve</attalias><attrtype Sync="TRUE">SmallInteger</attrtype><attwidth Sync="TRUE">2</attwidth><atprecis Sync="TRUE">0</atprecis><attscale Sync="TRUE">0</attscale></attr><attr><attrlabl Sync="TRUE">Shape_Length</attrlabl><attalias Sync="TRUE">Shape_Length</attalias><attrtype Sync="TRUE">Double</attrtype><attwidth Sync="TRUE">8</attwidth><atprecis Sync="TRUE">0</atprecis><attscale Sync="TRUE">0</attscale><attrdef Sync="TRUE">Length of feature in internal units.</attrdef><attrdefs Sync="TRUE">Esri</attrdefs><attrdomv><udom Sync="TRUE">Positive real numbers that are automatically generated.</udom></attrdomv></attr><attr><attrlabl Sync="TRUE">Shape_Area</attrlabl><attalias Sync="TRUE">Shape_Area</attalias><attrtype Sync="TRUE">Double</attrtype><attwidth Sync="TRUE">8</attwidth><atprecis Sync="TRUE">0</atprecis><attscale Sync="TRUE">0</attscale><attrdef Sync="TRUE">Area of feature in internal units squared.</attrdef><attrdefs Sync="TRUE">Esri</attrdefs><attrdomv><udom Sync="TRUE">Positive real numbers that are automatically generated.</udom></attrdomv></attr></detailed></eainfo><mdDateSt Sync="TRUE">20201105</mdDateSt></metadata>
