time,station,landuse,elevation,latitude,longitude,air_rh_avg,air_t_avg,wind_dir
,,,,,,%,deg c,degrees
2020-05-03 00:00:00,m3,pa,2232,46.76683822,10.70120078,56.25,-1.912,8
2020-05-03 00:15:00,m3,pa,2232,46.76683822,10.70120078,55.16,-1.997,16
2020-05-03 00:30:00,m3,pa,2232,46.76683822,10.70120078,55.3,-2.242,25
2020-05-03 00:45:00,m3,pa,2232,46.76683822,10.70120078,56.49,-2.382,6
2020-05-03 01:00:00,m3,pa,2232,46.76683822,10.70120078,56.02,-2.315,331
2020-05-03 01:15:00,m3,pa,2232,46.76683822,10.70120078,57.99,-2.596,321
2020-05-03 01:30:00,m3,pa,2232,46.76683822,10.70120078,60.19,-3.292,327
2020-05-03 01:45:00,m3,pa,2232,46.76683822,10.70120078,59.61,-3.944,348
2020-05-03 02:00:00,m3,pa,2232,46.76683822,10.70120078,57.68,-4.049,331
2020-05-03 02:15:00,m3,pa,2232,46.76683822,10.70120078,57.71,-4.848,285
2020-05-03 02:30:00,m3,pa,2232,46.76683822,10.70120078,52.06,-4.726,342
2020-05-03 02:45:00,m3,pa,2232,46.76683822,10.70120078,44.58,-4.257,334
2020-05-03 03:00:00,m3,pa,2232,46.76683822,10.70120078,38.98,-3.96,349
2020-05-03 03:15:00,m3,pa,2232,46.76683822,10.70120078,35.95,-3.759,1
2020-05-03 03:30:00,m3,pa,2232,46.76683822,10.70120078,38.83,-4.132,348
2020-05-03 03:45:00,m3,pa,2232,46.76683822,10.70120078,37.65,-4.107,18
2020-05-03 04:00:00,m3,pa,2232,46.76683822,10.70120078,33.61,-3.947,355
2020-05-03 04:15:00,m3,pa,2232,46.76683822,10.70120078,33.25,-3.969,22
2020-05-03 04:30:00,m3,pa,2232,46.76683822,10.70120078,34.41,-4.206,11
2020-05-03 04:45:00,m3,pa,2232,46.76683822,10.70120078,36.35,-4.57,329
2020-05-03 05:00:00,m3,pa,2232,46.76683822,10.70120078,37.66,-4.94,350
2020-05-03 05:15:00,m3,pa,2232,46.76683822,10.70120078,35.59,-4.592,16
2020-05-03 05:30:00,m3,pa,2232,46.76683822,10.70120078,37.88,-4.953,324
2020-05-03 05:45:00,m3,pa,2232,46.76683822,10.70120078,38.94,-5.167,352
2020-05-03 06:00:00,m3,pa,2232,46.76683822,10.70120078,40.59,-5.42,358
2020-05-03 06:15:00,m3,pa,2232,46.76683822,10.70120078,39.49,-5.252,332
2020-05-03 06:30:00,m3,pa,2232,46.76683822,10.70120078,34.58,-4.729,9
2020-05-03 06:45:00,m3,pa,2232,46.76683822,10.70120078,34.08,-4.554,328
2020-05-03 07:00:00,m3,pa,2232,46.76683822,10.70120078,34.44,-4.621,3
2020-05-03 07:15:00,m3,pa,2232,46.76683822,10.70120078,35.34,-4.78,19
2020-05-03 07:30:00,m3,pa,2232,46.76683822,10.70120078,28.48,-3.928,21
2020-05-03 07:45:00,m3,pa,2232,46.76683822,10.70120078,30.45,-3.886,13
2020-05-03 08:00:00,m3,pa,2232,46.76683822,10.70120078,30.36,-3.458,0
2020-05-03 08:15:00,m3,pa,2232,46.76683822,10.70120078,32.42,-3.245,340
2020-05-03 08:30:00,m3,pa,2232,46.76683822,10.70120078,31.58,-2.52,282
2020-05-03 08:45:00,m3,pa,2232,46.76683822,10.70120078,30.95,-1.472,213
2020-05-03 09:00:00,m3,pa,2232,46.76683822,10.70120078,27.8,-0.27,356
2020-05-03 09:15:00,m3,pa,2232,46.76683822,10.70120078,26.79,-1.669,358
2020-05-03 09:30:00,m3,pa,2232,46.76683822,10.70120078,26.51,-1.723,309
2020-05-03 09:45:00,m3,pa,2232,46.76683822,10.70120078,27.56,-1.711,329
2020-05-03 10:00:00,m3,pa,2232,46.76683822,10.70120078,29.3,-1.613,322
2020-05-03 10:15:00,m3,pa,2232,46.76683822,10.70120078,28.24,-1.559,329
2020-05-03 10:30:00,m3,pa,2232,46.76683822,10.70120078,27.45,-1.323,325
2020-05-03 10:45:00,m3,pa,2232,46.76683822,10.70120078,26.59,-1.199,317
2020-05-03 11:00:00,m3,pa,2232,46.76683822,10.70120078,24.03,-0.854,326
2020-05-03 11:15:00,m3,pa,2232,46.76683822,10.70120078,23.82,-0.515,336
2020-05-03 11:30:00,m3,pa,2232,46.76683822,10.70120078,22.01,-0.312,337
2020-05-03 11:45:00,m3,pa,2232,46.76683822,10.70120078,20.8,0.011,333
2020-05-03 12:00:00,m3,pa,2232,46.76683822,10.70120078,18.8,0.531,314
2020-05-03 12:15:00,m3,pa,2232,46.76683822,10.70120078,17.31,0.933,333
2020-05-03 12:30:00,m3,pa,2232,46.76683822,10.70120078,17.85,0.636,343
2020-05-03 12:45:00,m3,pa,2232,46.76683822,10.70120078,21.87,0.417,346
2020-05-03 13:00:00,m3,pa,2232,46.76683822,10.70120078,23.71,0.508,335
2020-05-03 13:15:00,m3,pa,2232,46.76683822,10.70120078,23.9,0.375,353
2020-05-03 13:30:00,m3,pa,2232,46.76683822,10.70120078,24.63,0.494,319
2020-05-03 13:45:00,m3,pa,2232,46.76683822,10.70120078,25.47,0.691,308
2020-05-03 14:00:00,m3,pa,2232,46.76683822,10.70120078,25.58,0.804,339
2020-05-03 14:15:00,m3,pa,2232,46.76683822,10.70120078,28.05,0.935,12
2020-05-03 14:30:00,m3,pa,2232,46.76683822,10.70120078,27.85,0.99,343
2020-05-03 14:45:00,m3,pa,2232,46.76683822,10.70120078,28.41,1.31,6
2020-05-03 15:00:00,m3,pa,2232,46.76683822,10.70120078,29.51,1.217,192
2020-05-03 15:15:00,m3,pa,2232,46.76683822,10.70120078,28.97,1.805,304
2020-05-03 15:30:00,m3,pa,2232,46.76683822,10.70120078,28.31,2.084,318
2020-05-03 15:45:00,m3,pa,2232,46.76683822,10.70120078,27.56,1.81,341
2020-05-03 16:00:00,m3,pa,2232,46.76683822,10.70120078,26.29,1.722,356
2020-05-03 16:15:00,m3,pa,2232,46.76683822,10.70120078,23.93,1.775,339
2020-05-03 16:30:00,m3,pa,2232,46.76683822,10.70120078,27.43,1.036,351
2020-05-03 16:45:00,m3,pa,2232,46.76683822,10.70120078,31.27,0.944,331
2020-05-03 17:00:00,m3,pa,2232,46.76683822,10.70120078,30.43,1.091,333
2020-05-03 17:15:00,m3,pa,2232,46.76683822,10.70120078,29.37,1.376,355
2020-05-03 17:30:00,m3,pa,2232,46.76683822,10.70120078,33.58,1.245,334
2020-05-03 17:45:00,m3,pa,2232,46.76683822,10.70120078,30.79,1.267,31
2020-05-03 18:00:00,m3,pa,2232,46.76683822,10.70120078,32.25,0.962,329
2020-05-03 18:15:00,m3,pa,2232,46.76683822,10.70120078,31.98,0.889,352
2020-05-03 18:30:00,m3,pa,2232,46.76683822,10.70120078,33.32,0.758,346
2020-05-03 18:45:00,m3,pa,2232,46.76683822,10.70120078,31.58,0.517,304
2020-05-03 19:00:00,m3,pa,2232,46.76683822,10.70120078,30.14,0.745,342
2020-05-03 19:15:00,m3,pa,2232,46.76683822,10.70120078,31.86,0.827,354
2020-05-03 19:30:00,m3,pa,2232,46.76683822,10.70120078,33.13,0.971,30
2020-05-03 19:45:00,m3,pa,2232,46.76683822,10.70120078,34.57,0.824,350
2020-05-03 20:00:00,m3,pa,2232,46.76683822,10.70120078,36.46,0.866,54
2020-05-03 20:15:00,m3,pa,2232,46.76683822,10.70120078,39.04,0.905,335
2020-05-03 20:30:00,m3,pa,2232,46.76683822,10.70120078,43.2,0.829,356
2020-05-03 20:45:00,m3,pa,2232,46.76683822,10.70120078,50.21,0.279,336
2020-05-03 21:00:00,m3,pa,2232,46.76683822,10.70120078,49.77,0.646,343
2020-05-03 21:15:00,m3,pa,2232,46.76683822,10.70120078,54.5,0.637,344
2020-05-03 21:30:00,m3,pa,2232,46.76683822,10.70120078,56.69,0.611,180
2020-05-03 21:45:00,m3,pa,2232,46.76683822,10.70120078,58.28,0.244,325
2020-05-03 22:00:00,m3,pa,2232,46.76683822,10.70120078,60.01,0.178,229
2020-05-03 22:15:00,m3,pa,2232,46.76683822,10.70120078,60,0.222,333
2020-05-03 22:30:00,m3,pa,2232,46.76683822,10.70120078,53.1,0.452,85
2020-05-03 22:45:00,m3,pa,2232,46.76683822,10.70120078,52.62,0.664,225
2020-05-03 23:00:00,m3,pa,2232,46.76683822,10.70120078,53.28,0.442,0
2020-05-03 23:15:00,m3,pa,2232,46.76683822,10.70120078,55.69,0.324,292
2020-05-03 23:30:00,m3,pa,2232,46.76683822,10.70120078,56.55,0.337,285
2020-05-03 23:45:00,m3,pa,2232,46.76683822,10.70120078,58.83,0.284,205
2020-05-04 00:00:00,m3,pa,2232,46.76683822,10.70120078,59.48,0.185,108
2020-05-04 00:15:00,m3,pa,2232,46.76683822,10.70120078,58.37,0.266,212
2020-05-04 00:30:00,m3,pa,2232,46.76683822,10.70120078,60.95,0.193,209
2020-05-04 00:45:00,m3,pa,2232,46.76683822,10.70120078,61.78,0.654,343
2020-05-04 01:00:00,m3,pa,2232,46.76683822,10.70120078,58.56,1.575,18
2020-05-04 01:15:00,m3,pa,2232,46.76683822,10.70120078,58.57,1.698,34
2020-05-04 01:30:00,m3,pa,2232,46.76683822,10.70120078,62.58,1.127,238
2020-05-04 01:45:00,m3,pa,2232,46.76683822,10.70120078,66.76,0.446,61
2020-05-04 02:00:00,m3,pa,2232,46.76683822,10.70120078,66.06,0.555,92
2020-05-04 02:15:00,m3,pa,2232,46.76683822,10.70120078,68.03,0.52,178
2020-05-04 02:30:00,m3,pa,2232,46.76683822,10.70120078,71.57,0.112,265
2020-05-04 02:45:00,m3,pa,2232,46.76683822,10.70120078,69.51,0.182,170
2020-05-04 03:00:00,m3,pa,2232,46.76683822,10.70120078,70.06,0.285,188
2020-05-04 03:15:00,m3,pa,2232,46.76683822,10.70120078,71.96,0.088,207
2020-05-04 03:30:00,m3,pa,2232,46.76683822,10.70120078,71.15,0.053,238
2020-05-04 03:45:00,m3,pa,2232,46.76683822,10.70120078,67.72,0.494,30
2020-05-04 04:00:00,m3,pa,2232,46.76683822,10.70120078,61.82,1.097,12
2020-05-04 04:15:00,m3,pa,2232,46.76683822,10.70120078,59.21,1.062,25
2020-05-04 04:30:00,m3,pa,2232,46.76683822,10.70120078,58.99,0.969,33
2020-05-04 04:45:00,m3,pa,2232,46.76683822,10.70120078,60.43,0.775,17
2020-05-04 05:00:00,m3,pa,2232,46.76683822,10.70120078,60.21,0.838,22
2020-05-04 05:15:00,m3,pa,2232,46.76683822,10.70120078,58.3,1.15,0
2020-05-04 05:30:00,m3,pa,2232,46.76683822,10.70120078,61.83,0.696,349
2020-05-04 05:45:00,m3,pa,2232,46.76683822,10.70120078,59.44,0.997,20
2020-05-04 06:00:00,m3,pa,2232,46.76683822,10.70120078,59.36,1.052,198
2020-05-04 06:15:00,m3,pa,2232,46.76683822,10.70120078,62.38,0.431,351
2020-05-04 06:30:00,m3,pa,2232,46.76683822,10.70120078,63.22,0.35,170
2020-05-04 06:45:00,m3,pa,2232,46.76683822,10.70120078,62.68,0.418,167
2020-05-04 07:00:00,m3,pa,2232,46.76683822,10.70120078,60.71,0.898,5
2020-05-04 07:15:00,m3,pa,2232,46.76683822,10.70120078,57.91,1.311,10
2020-05-04 07:30:00,m3,pa,2232,46.76683822,10.70120078,58.59,1.291,355
2020-05-04 07:45:00,m3,pa,2232,46.76683822,10.70120078,56.11,1.517,9
2020-05-04 08:00:00,m3,pa,2232,46.76683822,10.70120078,55.7,1.731,351
2020-05-04 08:15:00,m3,pa,2232,46.76683822,10.70120078,54.46,1.959,8
2020-05-04 08:30:00,m3,NaN,NaN,NaN,NaN,NaN,NaN,NaN
2020-05-04 08:45:00,m3,NaN,NaN,NaN,NaN,NaN,NaN,NaN
2020-05-04 09:00:00,m3,NaN,NaN,NaN,NaN,NaN,NaN,NaN
2020-05-04 09:15:00,m3,NaN,NaN,NaN,NaN,NaN,NaN,NaN
2020-05-04 09:30:00,m3,NaN,NaN,NaN,NaN,NaN,NaN,NaN
2020-05-04 09:45:00,m3,NaN,NaN,NaN,NaN,NaN,NaN,NaN
2020-05-04 10:00:00,m3,NaN,NaN,NaN,NaN,NaN,NaN,NaN
2020-05-04 10:15:00,m3,NaN,NaN,NaN,NaN,NaN,NaN,NaN
2020-05-04 10:30:00,m3,NaN,NaN,NaN,NaN,NaN,NaN,NaN
2020-05-04 10:45:00,m3,NaN,NaN,NaN,NaN,NaN,NaN,NaN
2020-05-04 11:00:00,m3,NaN,NaN,NaN,NaN,NaN,NaN,NaN
2020-05-04 11:15:00,m3,NaN,NaN,NaN,NaN,NaN,NaN,NaN
2020-05-04 11:30:00,m3,NaN,NaN,NaN,NaN,NaN,NaN,NaN
2020-05-04 11:45:00,m3,NaN,NaN,NaN,NaN,NaN,NaN,NaN
2020-05-04 12:00:00,m3,NaN,NaN,NaN,NaN,NaN,NaN,NaN
2020-05-04 12:15:00,m3,NaN,NaN,NaN,NaN,NaN,NaN,NaN
2020-05-04 12:30:00,m3,NaN,NaN,NaN,NaN,NaN,NaN,NaN
2020-05-04 12:45:00,m3,NaN,NaN,NaN,NaN,NaN,NaN,NaN
2020-05-04 13:00:00,m3,NaN,NaN,NaN,NaN,NaN,NaN,NaN
2020-05-04 13:15:00,m3,NaN,NaN,NaN,NaN,NaN,NaN,NaN
2020-05-04 13:30:00,m3,NaN,NaN,NaN,NaN,NaN,NaN,NaN
2020-05-04 13:45:00,m3,NaN,NaN,NaN,NaN,NaN,NaN,NaN
2020-05-04 14:00:00,m3,NaN,NaN,NaN,NaN,NaN,NaN,NaN
2020-05-04 14:15:00,m3,NaN,NaN,NaN,NaN,NaN,NaN,NaN
2020-05-04 14:30:00,m3,NaN,NaN,NaN,NaN,NaN,NaN,NaN
2020-05-04 14:45:00,m3,NaN,NaN,NaN,NaN,NaN,NaN,NaN
2020-05-04 15:00:00,m3,NaN,NaN,NaN,NaN,NaN,NaN,NaN
2020-05-04 15:15:00,m3,NaN,NaN,NaN,NaN,NaN,NaN,NaN
2020-05-04 15:30:00,m3,NaN,NaN,NaN,NaN,NaN,NaN,NaN
2020-05-04 15:45:00,m3,NaN,NaN,NaN,NaN,NaN,NaN,NaN
2020-05-04 16:00:00,m3,NaN,NaN,NaN,NaN,NaN,NaN,NaN
2020-05-04 16:15:00,m3,NaN,NaN,NaN,NaN,NaN,NaN,NaN
2020-05-04 16:30:00,m3,NaN,NaN,NaN,NaN,NaN,NaN,NaN
2020-05-04 16:45:00,m3,NaN,NaN,NaN,NaN,NaN,NaN,NaN
2020-05-04 17:00:00,m3,NaN,NaN,NaN,NaN,NaN,NaN,NaN
2020-05-04 17:15:00,m3,NaN,NaN,NaN,NaN,NaN,NaN,NaN
2020-05-04 17:30:00,m3,NaN,NaN,NaN,NaN,NaN,NaN,NaN
2020-05-04 17:45:00,m3,NaN,NaN,NaN,NaN,NaN,NaN,NaN
2020-05-04 18:00:00,m3,NaN,NaN,NaN,NaN,NaN,NaN,NaN
2020-05-04 18:15:00,m3,NaN,NaN,NaN,NaN,NaN,NaN,NaN
2020-05-04 18:30:00,m3,NaN,NaN,NaN,NaN,NaN,NaN,NaN
2020-05-04 18:45:00,m3,NaN,NaN,NaN,NaN,NaN,NaN,NaN
2020-05-04 19:00:00,m3,NaN,NaN,NaN,NaN,NaN,NaN,NaN
2020-05-04 19:15:00,m3,NaN,NaN,NaN,NaN,NaN,NaN,NaN
2020-05-04 19:30:00,m3,NaN,NaN,NaN,NaN,NaN,NaN,NaN
2020-05-04 19:45:00,m3,NaN,NaN,NaN,NaN,NaN,NaN,NaN
2020-05-04 20:00:00,m3,NaN,NaN,NaN,NaN,NaN,NaN,NaN
2020-05-04 20:15:00,m3,NaN,NaN,NaN,NaN,NaN,NaN,NaN
2020-05-04 20:30:00,m3,NaN,NaN,NaN,NaN,NaN,NaN,NaN
2020-05-04 20:45:00,m3,NaN,NaN,NaN,NaN,NaN,NaN,NaN
2020-05-04 21:00:00,m3,NaN,NaN,NaN,NaN,NaN,NaN,NaN
2020-05-04 21:15:00,m3,NaN,NaN,NaN,NaN,NaN,NaN,NaN
2020-05-04 21:30:00,m3,NaN,NaN,NaN,NaN,NaN,NaN,NaN
2020-05-04 21:45:00,m3,NaN,NaN,NaN,NaN,NaN,NaN,NaN
2020-05-04 22:00:00,m3,NaN,NaN,NaN,NaN,NaN,NaN,NaN
2020-05-04 22:15:00,m3,NaN,NaN,NaN,NaN,NaN,NaN,NaN
2020-05-04 22:30:00,m3,NaN,NaN,NaN,NaN,NaN,NaN,NaN
2020-05-04 22:45:00,m3,NaN,NaN,NaN,NaN,NaN,NaN,NaN
2020-05-04 23:00:00,m3,NaN,NaN,NaN,NaN,NaN,NaN,NaN
2020-05-04 23:15:00,m3,NaN,NaN,NaN,NaN,NaN,NaN,NaN
2020-05-04 23:30:00,m3,NaN,NaN,NaN,NaN,NaN,NaN,NaN
2020-05-04 23:45:00,m3,NaN,NaN,NaN,NaN,NaN,NaN,NaN
2020-05-05 00:00:00,m3,NaN,NaN,NaN,NaN,NaN,NaN,NaN
2020-05-05 00:15:00,m3,NaN,NaN,NaN,NaN,NaN,NaN,NaN
2020-05-05 00:30:00,m3,NaN,NaN,NaN,NaN,NaN,NaN,NaN
2020-05-05 00:45:00,m3,NaN,NaN,NaN,NaN,NaN,NaN,NaN
2020-05-05 01:00:00,m3,NaN,NaN,NaN,NaN,NaN,NaN,NaN
2020-05-05 01:15:00,m3,NaN,NaN,NaN,NaN,NaN,NaN,NaN
2020-05-05 01:30:00,m3,NaN,NaN,NaN,NaN,NaN,NaN,NaN
2020-05-05 01:45:00,m3,NaN,NaN,NaN,NaN,NaN,NaN,NaN
2020-05-05 02:00:00,m3,NaN,NaN,NaN,NaN,NaN,NaN,NaN
2020-05-05 02:15:00,m3,NaN,NaN,NaN,NaN,NaN,NaN,NaN
2020-05-05 02:30:00,m3,NaN,NaN,NaN,NaN,NaN,NaN,NaN
2020-05-05 02:45:00,m3,NaN,NaN,NaN,NaN,NaN,NaN,NaN
2020-05-05 03:00:00,m3,NaN,NaN,NaN,NaN,NaN,NaN,NaN
2020-05-05 03:15:00,m3,NaN,NaN,NaN,NaN,NaN,NaN,NaN
2020-05-05 03:30:00,m3,NaN,NaN,NaN,NaN,NaN,NaN,NaN
2020-05-05 03:45:00,m3,NaN,NaN,NaN,NaN,NaN,NaN,NaN
2020-05-05 04:00:00,m3,NaN,NaN,NaN,NaN,NaN,NaN,NaN
2020-05-05 04:15:00,m3,NaN,NaN,NaN,NaN,NaN,NaN,NaN
2020-05-05 04:30:00,m3,NaN,NaN,NaN,NaN,NaN,NaN,NaN
2020-05-05 04:45:00,m3,NaN,NaN,NaN,NaN,NaN,NaN,NaN
2020-05-05 05:00:00,m3,NaN,NaN,NaN,NaN,NaN,NaN,NaN
2020-05-05 05:15:00,m3,NaN,NaN,NaN,NaN,NaN,NaN,NaN
2020-05-05 05:30:00,m3,NaN,NaN,NaN,NaN,NaN,NaN,NaN
2020-05-05 05:45:00,m3,NaN,NaN,NaN,NaN,NaN,NaN,NaN
2020-05-05 06:00:00,m3,NaN,NaN,NaN,NaN,NaN,NaN,NaN
2020-05-05 06:15:00,m3,NaN,NaN,NaN,NaN,NaN,NaN,NaN
2020-05-05 06:30:00,m3,NaN,NaN,NaN,NaN,NaN,NaN,NaN
2020-05-05 06:45:00,m3,NaN,NaN,NaN,NaN,NaN,NaN,NaN
2020-05-05 07:00:00,m3,NaN,NaN,NaN,NaN,NaN,NaN,NaN
2020-05-05 07:15:00,m3,NaN,NaN,NaN,NaN,NaN,NaN,NaN
2020-05-05 07:30:00,m3,NaN,NaN,NaN,NaN,NaN,NaN,NaN
2020-05-05 07:45:00,m3,NaN,NaN,NaN,NaN,NaN,NaN,NaN
2020-05-05 08:00:00,m3,NaN,NaN,NaN,NaN,NaN,NaN,NaN
2020-05-05 08:15:00,m3,NaN,NaN,NaN,NaN,NaN,NaN,NaN
2020-05-05 08:30:00,m3,NaN,NaN,NaN,NaN,NaN,NaN,NaN
2020-05-05 08:45:00,m3,NaN,NaN,NaN,NaN,NaN,NaN,NaN
2020-05-05 09:00:00,m3,NaN,NaN,NaN,NaN,NaN,NaN,NaN
2020-05-05 09:15:00,m3,NaN,NaN,NaN,NaN,NaN,NaN,NaN
2020-05-05 09:30:00,m3,NaN,NaN,NaN,NaN,NaN,NaN,NaN
2020-05-05 09:45:00,m3,NaN,NaN,NaN,NaN,NaN,NaN,NaN
2020-05-05 10:00:00,m3,NaN,NaN,NaN,NaN,NaN,NaN,NaN
2020-05-05 10:15:00,m3,NaN,NaN,NaN,NaN,NaN,NaN,NaN
2020-05-05 10:30:00,m3,NaN,NaN,NaN,NaN,NaN,NaN,NaN
2020-05-05 10:45:00,m3,NaN,NaN,NaN,NaN,NaN,NaN,NaN
2020-05-05 11:00:00,m3,NaN,NaN,NaN,NaN,NaN,NaN,NaN
2020-05-05 11:15:00,m3,NaN,NaN,NaN,NaN,NaN,NaN,NaN
2020-05-05 11:30:00,m3,NaN,NaN,NaN,NaN,NaN,NaN,NaN
2020-05-05 11:45:00,m3,NaN,NaN,NaN,NaN,NaN,NaN,NaN
2020-05-05 12:00:00,m3,NaN,NaN,NaN,NaN,NaN,NaN,NaN
2020-05-05 12:15:00,m3,NaN,NaN,NaN,NaN,NaN,NaN,NaN
2020-05-05 12:30:00,m3,NaN,NaN,NaN,NaN,NaN,NaN,NaN
2020-05-05 12:45:00,m3,NaN,NaN,NaN,NaN,NaN,NaN,NaN
2020-05-05 13:00:00,m3,NaN,NaN,NaN,NaN,NaN,NaN,NaN
2020-05-05 13:15:00,m3,NaN,NaN,NaN,NaN,NaN,NaN,NaN
2020-05-05 13:30:00,m3,NaN,NaN,NaN,NaN,NaN,NaN,NaN
2020-05-05 13:45:00,m3,NaN,NaN,NaN,NaN,NaN,NaN,NaN
2020-05-05 14:00:00,m3,NaN,NaN,NaN,NaN,NaN,NaN,NaN
2020-05-05 14:15:00,m3,NaN,NaN,NaN,NaN,NaN,NaN,NaN
2020-05-05 14:30:00,m3,NaN,NaN,NaN,NaN,NaN,NaN,NaN
2020-05-05 14:45:00,m3,NaN,NaN,NaN,NaN,NaN,NaN,NaN
2020-05-05 15:00:00,m3,NaN,NaN,NaN,NaN,NaN,NaN,NaN
2020-05-05 15:15:00,m3,NaN,NaN,NaN,NaN,NaN,NaN,NaN
2020-05-05 15:30:00,m3,NaN,NaN,NaN,NaN,NaN,NaN,NaN
2020-05-05 15:45:00,m3,NaN,NaN,NaN,NaN,NaN,NaN,NaN
2020-05-05 16:00:00,m3,NaN,NaN,NaN,NaN,NaN,NaN,NaN
2020-05-05 16:15:00,m3,NaN,NaN,NaN,NaN,NaN,NaN,NaN
2020-05-05 16:30:00,m3,NaN,NaN,NaN,NaN,NaN,NaN,NaN
2020-05-05 16:45:00,m3,NaN,NaN,NaN,NaN,NaN,NaN,NaN
2020-05-05 17:00:00,m3,NaN,NaN,NaN,NaN,NaN,NaN,NaN
2020-05-05 17:15:00,m3,NaN,NaN,NaN,NaN,NaN,NaN,NaN
2020-05-05 17:30:00,m3,NaN,NaN,NaN,NaN,NaN,NaN,NaN
2020-05-05 17:45:00,m3,NaN,NaN,NaN,NaN,NaN,NaN,NaN
2020-05-05 18:00:00,m3,NaN,NaN,NaN,NaN,NaN,NaN,NaN
2020-05-05 18:15:00,m3,NaN,NaN,NaN,NaN,NaN,NaN,NaN
2020-05-05 18:30:00,m3,NaN,NaN,NaN,NaN,NaN,NaN,NaN
2020-05-05 18:45:00,m3,NaN,NaN,NaN,NaN,NaN,NaN,NaN
2020-05-05 19:00:00,m3,NaN,NaN,NaN,NaN,NaN,NaN,NaN
2020-05-05 19:15:00,m3,NaN,NaN,NaN,NaN,NaN,NaN,NaN
2020-05-05 19:30:00,m3,NaN,NaN,NaN,NaN,NaN,NaN,NaN
2020-05-05 19:45:00,m3,NaN,NaN,NaN,NaN,NaN,NaN,NaN
2020-05-05 20:00:00,m3,NaN,NaN,NaN,NaN,NaN,NaN,NaN
2020-05-05 20:15:00,m3,NaN,NaN,NaN,NaN,NaN,NaN,NaN
2020-05-05 20:30:00,m3,NaN,NaN,NaN,NaN,NaN,NaN,NaN
2020-05-05 20:45:00,m3,NaN,NaN,NaN,NaN,NaN,NaN,NaN
2020-05-05 21:00:00,m3,NaN,NaN,NaN,NaN,NaN,NaN,NaN
2020-05-05 21:15:00,m3,NaN,NaN,NaN,NaN,NaN,NaN,NaN
2020-05-05 21:30:00,m3,NaN,NaN,NaN,NaN,NaN,NaN,NaN
2020-05-05 21:45:00,m3,NaN,NaN,NaN,NaN,NaN,NaN,NaN
2020-05-05 22:00:00,m3,NaN,NaN,NaN,NaN,NaN,NaN,NaN
2020-05-05 22:15:00,m3,NaN,NaN,NaN,NaN,NaN,NaN,NaN
2020-05-05 22:30:00,m3,NaN,NaN,NaN,NaN,NaN,NaN,NaN
2020-05-05 22:45:00,m3,NaN,NaN,NaN,NaN,NaN,NaN,NaN
2020-05-05 23:00:00,m3,NaN,NaN,NaN,NaN,NaN,NaN,NaN
2020-05-05 23:15:00,m3,NaN,NaN,NaN,NaN,NaN,NaN,NaN
2020-05-05 23:30:00,m3,NaN,NaN,NaN,NaN,NaN,NaN,NaN
2020-05-05 23:45:00,m3,NaN,NaN,NaN,NaN,NaN,NaN,NaN
2020-05-06 00:00:00,m3,NaN,NaN,NaN,NaN,NaN,NaN,NaN
2020-05-06 00:15:00,m3,NaN,NaN,NaN,NaN,NaN,NaN,NaN
2020-05-06 00:30:00,m3,NaN,NaN,NaN,NaN,NaN,NaN,NaN
2020-05-06 00:45:00,m3,NaN,NaN,NaN,NaN,NaN,NaN,NaN
2020-05-06 01:00:00,m3,NaN,NaN,NaN,NaN,NaN,NaN,NaN
2020-05-06 01:15:00,m3,NaN,NaN,NaN,NaN,NaN,NaN,NaN
2020-05-06 01:30:00,m3,NaN,NaN,NaN,NaN,NaN,NaN,NaN
2020-05-06 01:45:00,m3,NaN,NaN,NaN,NaN,NaN,NaN,NaN
2020-05-06 02:00:00,m3,NaN,NaN,NaN,NaN,NaN,NaN,NaN
2020-05-06 02:15:00,m3,NaN,NaN,NaN,NaN,NaN,NaN,NaN
2020-05-06 02:30:00,m3,NaN,NaN,NaN,NaN,NaN,NaN,NaN
2020-05-06 02:45:00,m3,NaN,NaN,NaN,NaN,NaN,NaN,NaN
2020-05-06 03:00:00,m3,NaN,NaN,NaN,NaN,NaN,NaN,NaN
2020-05-06 03:15:00,m3,NaN,NaN,NaN,NaN,NaN,NaN,NaN
2020-05-06 03:30:00,m3,NaN,NaN,NaN,NaN,NaN,NaN,NaN
2020-05-06 03:45:00,m3,NaN,NaN,NaN,NaN,NaN,NaN,NaN
2020-05-06 04:00:00,m3,NaN,NaN,NaN,NaN,NaN,NaN,NaN
2020-05-06 04:15:00,m3,NaN,NaN,NaN,NaN,NaN,NaN,NaN
2020-05-06 04:30:00,m3,NaN,NaN,NaN,NaN,NaN,NaN,NaN
2020-05-06 04:45:00,m3,NaN,NaN,NaN,NaN,NaN,NaN,NaN
2020-05-06 05:00:00,m3,NaN,NaN,NaN,NaN,NaN,NaN,NaN
2020-05-06 05:15:00,m3,NaN,NaN,NaN,NaN,NaN,NaN,NaN
2020-05-06 05:30:00,m3,NaN,NaN,NaN,NaN,NaN,NaN,NaN
2020-05-06 05:45:00,m3,NaN,NaN,NaN,NaN,NaN,NaN,NaN
2020-05-06 06:00:00,m3,NaN,NaN,NaN,NaN,NaN,NaN,NaN
2020-05-06 06:15:00,m3,NaN,NaN,NaN,NaN,NaN,NaN,NaN
2020-05-06 06:30:00,m3,NaN,NaN,NaN,NaN,NaN,NaN,NaN
2020-05-06 06:45:00,m3,NaN,NaN,NaN,NaN,NaN,NaN,NaN
2020-05-06 07:00:00,m3,NaN,NaN,NaN,NaN,NaN,NaN,NaN
2020-05-06 07:15:00,m3,NaN,NaN,NaN,NaN,NaN,NaN,NaN
2020-05-06 07:30:00,m3,NaN,NaN,NaN,NaN,NaN,NaN,NaN
2020-05-06 07:45:00,m3,NaN,NaN,NaN,NaN,NaN,NaN,NaN
2020-05-06 08:00:00,m3,NaN,NaN,NaN,NaN,NaN,NaN,NaN
2020-05-06 08:15:00,m3,NaN,NaN,NaN,NaN,NaN,NaN,NaN
2020-05-06 08:30:00,m3,NaN,NaN,NaN,NaN,NaN,NaN,NaN
2020-05-06 08:45:00,m3,NaN,NaN,NaN,NaN,NaN,NaN,NaN
2020-05-06 09:00:00,m3,NaN,NaN,NaN,NaN,NaN,NaN,NaN
2020-05-06 09:15:00,m3,NaN,NaN,NaN,NaN,NaN,NaN,NaN
2020-05-06 09:30:00,m3,NaN,NaN,NaN,NaN,NaN,NaN,NaN
2020-05-06 09:45:00,m3,NaN,NaN,NaN,NaN,NaN,NaN,NaN
2020-05-06 10:00:00,m3,NaN,NaN,NaN,NaN,NaN,NaN,NaN
2020-05-06 10:15:00,m3,NaN,NaN,NaN,NaN,NaN,NaN,NaN
2020-05-06 10:30:00,m3,NaN,NaN,NaN,NaN,NaN,NaN,NaN
2020-05-06 10:45:00,m3,NaN,NaN,NaN,NaN,NaN,NaN,NaN
2020-05-06 11:00:00,m3,NaN,NaN,NaN,NaN,NaN,NaN,NaN
2020-05-03 00:00:00,b1,me,990,46.6612188656,10.5902491243,64.05,7.595,29
2020-05-03 00:15:00,b1,me,990,46.6612188656,10.5902491243,61.49,7.526,71
2020-05-03 00:30:00,b1,me,990,46.6612188656,10.5902491243,65.06,7.029,64
2020-05-03 00:45:00,b1,me,990,46.6612188656,10.5902491243,66.04,6.834,185
2020-05-03 01:00:00,b1,me,990,46.6612188656,10.5902491243,63.76,6.902,62
2020-05-03 01:15:00,b1,me,990,46.6612188656,10.5902491243,64.2,6.69,69
2020-05-03 01:30:00,b1,me,990,46.6612188656,10.5902491243,66.81,6.299,90
2020-05-03 01:45:00,b1,me,990,46.6612188656,10.5902491243,66.49,5.958,164
2020-05-03 02:00:00,b1,me,990,46.6612188656,10.5902491243,70.07,5.202,26
2020-05-03 02:15:00,b1,me,990,46.6612188656,10.5902491243,68.86,5.272,36
2020-05-03 02:30:00,b1,me,990,46.6612188656,10.5902491243,70.54,4.568,52
2020-05-03 02:45:00,b1,me,990,46.6612188656,10.5902491243,60.71,4.951,82
2020-05-03 03:00:00,b1,me,990,46.6612188656,10.5902491243,60.59,4.808,94
2020-05-03 03:15:00,b1,me,990,46.6612188656,10.5902491243,61.82,4.803,104
2020-05-03 03:30:00,b1,me,990,46.6612188656,10.5902491243,62.07,4.769,72
2020-05-03 03:45:00,b1,me,990,46.6612188656,10.5902491243,58.57,4.795,66
2020-05-03 04:00:00,b1,me,990,46.6612188656,10.5902491243,55.01,4.952,89
2020-05-03 04:15:00,b1,me,990,46.6612188656,10.5902491243,57,4.311,113
2020-05-03 04:30:00,b1,me,990,46.6612188656,10.5902491243,58.69,3.79,63
2020-05-03 04:45:00,b1,me,990,46.6612188656,10.5902491243,57.65,3.789,9
2020-05-03 05:00:00,b1,me,990,46.6612188656,10.5902491243,58.6,3.398,182
2020-05-03 05:15:00,b1,me,990,46.6612188656,10.5902491243,59.6,3.403,91
2020-05-03 05:30:00,b1,me,990,46.6612188656,10.5902491243,60.79,3.18,98
2020-05-03 05:45:00,b1,me,990,46.6612188656,10.5902491243,58.21,3.481,122
2020-05-03 06:00:00,b1,me,990,46.6612188656,10.5902491243,58.95,3.386,82
2020-05-03 06:15:00,b1,me,990,46.6612188656,10.5902491243,58.49,3.52,93
2020-05-03 06:30:00,b1,me,990,46.6612188656,10.5902491243,57.94,3.609,124
2020-05-03 06:45:00,b1,me,990,46.6612188656,10.5902491243,56.1,3.747,109
2020-05-03 07:00:00,b1,me,990,46.6612188656,10.5902491243,55.27,3.808,66
2020-05-03 07:15:00,b1,me,990,46.6612188656,10.5902491243,47.83,4.377,117
2020-05-03 07:30:00,b1,me,990,46.6612188656,10.5902491243,45.26,4.836,289
2020-05-03 07:45:00,b1,me,990,46.6612188656,10.5902491243,29.77,7.809,357
2020-05-03 08:00:00,b1,me,990,46.6612188656,10.5902491243,25.92,9.53,3
2020-05-03 08:15:00,b1,me,990,46.6612188656,10.5902491243,23.87,10.03,355
2020-05-03 08:30:00,b1,me,990,46.6612188656,10.5902491243,23.45,10.13,300
2020-05-03 08:45:00,b1,me,990,46.6612188656,10.5902491243,23.94,10.45,357
2020-05-03 09:00:00,b1,me,990,46.6612188656,10.5902491243,23.38,10.65,327
2020-05-03 09:15:00,b1,me,990,46.6612188656,10.5902491243,23.79,10.79,328
2020-05-03 09:30:00,b1,me,990,46.6612188656,10.5902491243,24.62,11.15,334
2020-05-03 09:45:00,b1,me,990,46.6612188656,10.5902491243,23.88,11.16,56
2020-05-03 10:00:00,b1,me,990,46.6612188656,10.5902491243,25.21,11.47,6
2020-05-03 10:15:00,b1,me,990,46.6612188656,10.5902491243,26.56,11.61,299
2020-05-03 10:30:00,b1,me,990,46.6612188656,10.5902491243,27.45,11.93,323
2020-05-03 10:45:00,b1,me,990,46.6612188656,10.5902491243,24.55,12.4,295
2020-05-03 11:00:00,b1,me,990,46.6612188656,10.5902491243,24.99,12.73,347
2020-05-03 11:15:00,b1,me,990,46.6612188656,10.5902491243,25.74,12.84,336
2020-05-03 11:30:00,b1,me,990,46.6612188656,10.5902491243,24.24,13.06,316
2020-05-03 11:45:00,b1,me,990,46.6612188656,10.5902491243,24.91,13.5,281
2020-05-03 12:00:00,b1,me,990,46.6612188656,10.5902491243,25.96,14,287
2020-05-03 12:15:00,b1,me,990,46.6612188656,10.5902491243,24.15,14.29,331
2020-05-03 12:30:00,b1,me,990,46.6612188656,10.5902491243,23.42,14.39,315
2020-05-03 12:45:00,b1,me,990,46.6612188656,10.5902491243,26.7,14.31,257
2020-05-03 13:00:00,b1,me,990,46.6612188656,10.5902491243,24.4,15.03,358
2020-05-03 13:15:00,b1,me,990,46.6612188656,10.5902491243,21.66,15.33,273
2020-05-03 13:30:00,b1,me,990,46.6612188656,10.5902491243,23.33,14.92,31
2020-05-03 13:45:00,b1,me,990,46.6612188656,10.5902491243,22.25,15.35,316
2020-05-03 14:00:00,b1,me,990,46.6612188656,10.5902491243,20.79,15.49,324
2020-05-03 14:15:00,b1,me,990,46.6612188656,10.5902491243,23.06,15.32,38
2020-05-03 14:30:00,b1,me,990,46.6612188656,10.5902491243,24.94,15.62,334
2020-05-03 14:45:00,b1,me,990,46.6612188656,10.5902491243,20.91,16.89,299
2020-05-03 15:00:00,b1,me,990,46.6612188656,10.5902491243,21.19,16.99,6
2020-05-03 15:15:00,b1,me,990,46.6612188656,10.5902491243,22.56,16.28,337
2020-05-03 15:30:00,b1,me,990,46.6612188656,10.5902491243,20.91,16.64,329
2020-05-03 15:45:00,b1,me,990,46.6612188656,10.5902491243,18.57,16.93,317
2020-05-03 16:00:00,b1,me,990,46.6612188656,10.5902491243,18.1,17.12,305
2020-05-03 16:15:00,b1,me,990,46.6612188656,10.5902491243,22.5,15.07,7
2020-05-03 16:30:00,b1,me,990,46.6612188656,10.5902491243,21.79,14.43,355
2020-05-03 16:45:00,b1,me,990,46.6612188656,10.5902491243,19.75,14.45,37
2020-05-03 17:00:00,b1,me,990,46.6612188656,10.5902491243,20.43,14.42,45
2020-05-03 17:15:00,b1,me,990,46.6612188656,10.5902491243,25,14.21,358
2020-05-03 17:30:00,b1,me,990,46.6612188656,10.5902491243,18.67,16.27,3
2020-05-03 17:45:00,b1,me,990,46.6612188656,10.5902491243,16.75,16.93,312
2020-05-03 18:00:00,b1,me,990,46.6612188656,10.5902491243,17.43,16.25,242
2020-05-03 18:15:00,b1,me,990,46.6612188656,10.5902491243,17.38,16.38,20
2020-05-03 18:30:00,b1,me,990,46.6612188656,10.5902491243,16.94,15.88,326
2020-05-03 18:45:00,b1,me,990,46.6612188656,10.5902491243,20.15,14.1,32
2020-05-03 19:00:00,b1,me,990,46.6612188656,10.5902491243,22.35,12.91,53
2020-05-03 19:15:00,b1,me,990,46.6612188656,10.5902491243,22.5,12.91,6
2020-05-03 19:30:00,b1,me,990,46.6612188656,10.5902491243,22.98,12.77,37
2020-05-03 19:45:00,b1,me,990,46.6612188656,10.5902491243,23.07,12.7,45
2020-05-03 20:00:00,b1,me,990,46.6612188656,10.5902491243,25.9,12.48,108
2020-05-03 20:15:00,b1,me,990,46.6612188656,10.5902491243,32.01,11.7,121
2020-05-03 20:30:00,b1,me,990,46.6612188656,10.5902491243,37.1,10.7,79
2020-05-03 20:45:00,b1,me,990,46.6612188656,10.5902491243,37.21,10.65,128
2020-05-03 21:00:00,b1,me,990,46.6612188656,10.5902491243,34.26,10.96,45
2020-05-03 21:15:00,b1,me,990,46.6612188656,10.5902491243,34.75,11.18,7
2020-05-03 21:30:00,b1,me,990,46.6612188656,10.5902491243,33.49,11.3,311
2020-05-03 21:45:00,b1,me,990,46.6612188656,10.5902491243,36.95,11.04,71
2020-05-03 22:00:00,b1,me,990,46.6612188656,10.5902491243,44.44,10.3,48
2020-05-03 22:15:00,b1,me,990,46.6612188656,10.5902491243,43.55,10.23,67
2020-05-03 22:30:00,b1,me,990,46.6612188656,10.5902491243,43.5,10.19,49
2020-05-03 22:45:00,b1,me,990,46.6612188656,10.5902491243,43.73,10.32,37
2020-05-03 23:00:00,b1,me,990,46.6612188656,10.5902491243,43,10.46,52
2020-05-03 23:15:00,b1,me,990,46.6612188656,10.5902491243,46.9,10.09,211
2020-05-03 23:30:00,b1,me,990,46.6612188656,10.5902491243,43.14,10.45,129
2020-05-03 23:45:00,b1,me,990,46.6612188656,10.5902491243,42.93,10.65,83
2020-05-04 00:00:00,b1,me,990,46.6612188656,10.5902491243,45.24,10.05,38
2020-05-04 00:15:00,b1,me,990,46.6612188656,10.5902491243,48.1,9.46,70
2020-05-04 00:30:00,b1,me,990,46.6612188656,10.5902491243,45.6,9.61,77
2020-05-04 00:45:00,b1,me,990,46.6612188656,10.5902491243,46.93,9.72,62
2020-05-04 01:00:00,b1,me,990,46.6612188656,10.5902491243,48.98,9.02,56
2020-05-04 01:15:00,b1,me,990,46.6612188656,10.5902491243,52.53,8.42,35
2020-05-04 01:30:00,b1,me,990,46.6612188656,10.5902491243,53.07,8.27,62
2020-05-04 01:45:00,b1,me,990,46.6612188656,10.5902491243,51.75,8.38,68
2020-05-04 02:00:00,b1,me,990,46.6612188656,10.5902491243,54.25,8.38,67
2020-05-04 02:15:00,b1,me,990,46.6612188656,10.5902491243,57.86,7.636,57
2020-05-04 02:30:00,b1,me,990,46.6612188656,10.5902491243,57.95,7.679,71
2020-05-04 02:45:00,b1,me,990,46.6612188656,10.5902491243,57.58,7.739,92
2020-05-04 03:00:00,b1,me,990,46.6612188656,10.5902491243,59.52,7.183,69
2020-05-04 03:15:00,b1,me,990,46.6612188656,10.5902491243,59.41,6.956,65
2020-05-04 03:30:00,b1,me,990,46.6612188656,10.5902491243,60.61,6.823,80
2020-05-04 03:45:00,b1,me,990,46.6612188656,10.5902491243,63.12,6.371,77
2020-05-04 04:00:00,b1,me,990,46.6612188656,10.5902491243,66.48,6.158,40
2020-05-04 04:15:00,b1,me,990,46.6612188656,10.5902491243,64.76,6.301,83
2020-05-04 04:30:00,b1,me,990,46.6612188656,10.5902491243,67.43,5.869,61
2020-05-04 04:45:00,b1,me,990,46.6612188656,10.5902491243,67.87,5.59,72
2020-05-04 05:00:00,b1,me,990,46.6612188656,10.5902491243,66.85,5.784,70
2020-05-04 05:15:00,b1,me,990,46.6612188656,10.5902491243,74.67,5.241,62
2020-05-04 05:30:00,b1,me,990,46.6612188656,10.5902491243,76.09,4.709,74
2020-05-04 05:45:00,b1,me,990,46.6612188656,10.5902491243,75.9,4.818,56
2020-05-04 06:00:00,b1,me,990,46.6612188656,10.5902491243,80.4,4.151,59
2020-05-04 06:15:00,b1,me,990,46.6612188656,10.5902491243,82.5,3.955,47
2020-05-04 06:30:00,b1,me,990,46.6612188656,10.5902491243,82.7,3.998,75
2020-05-04 06:45:00,b1,me,990,46.6612188656,10.5902491243,76.64,4.818,61
2020-05-04 07:00:00,b1,me,990,46.6612188656,10.5902491243,79.29,4.9,68
2020-05-04 07:15:00,b1,me,990,46.6612188656,10.5902491243,78.58,5.09,66
2020-05-04 07:30:00,b1,me,990,46.6612188656,10.5902491243,78.64,5.213,65
2020-05-04 07:45:00,b1,me,990,46.6612188656,10.5902491243,76.66,6.398,71
2020-05-04 08:00:00,b1,me,990,46.6612188656,10.5902491243,71.91,8.09,76
2020-05-04 08:15:00,b1,me,990,46.6612188656,10.5902491243,67.99,8.9,83
2020-05-04 08:30:00,b1,me,990,46.6612188656,10.5902491243,65.78,9.69,218
2020-05-04 08:45:00,b1,me,990,46.6612188656,10.5902491243,50.05,11.58,164
2020-05-04 09:00:00,b1,me,990,46.6612188656,10.5902491243,50.5,12.24,144
2020-05-04 09:15:00,b1,me,990,46.6612188656,10.5902491243,51.81,11.75,80
2020-05-04 09:30:00,b1,me,990,46.6612188656,10.5902491243,53.43,12.79,5
2020-05-04 09:45:00,b1,me,990,46.6612188656,10.5902491243,53.14,13.12,166
2020-05-04 10:00:00,b1,me,990,46.6612188656,10.5902491243,65.49,11.18,129
2020-05-04 10:15:00,b1,me,990,46.6612188656,10.5902491243,73.63,11.2,346
2020-05-04 10:30:00,b1,me,990,46.6612188656,10.5902491243,77.38,11.43,132
2020-05-04 10:45:00,b1,me,990,46.6612188656,10.5902491243,70.79,11.9,158
2020-05-04 11:00:00,b1,me,990,46.6612188656,10.5902491243,68.18,11.6,129
2020-05-04 11:15:00,b1,me,990,46.6612188656,10.5902491243,77.24,11.88,44
2020-05-04 11:30:00,b1,me,990,46.6612188656,10.5902491243,72.9,13.2,169
2020-05-04 11:45:00,b1,me,990,46.6612188656,10.5902491243,68.15,13.11,297
2020-05-04 12:00:00,b1,me,990,46.6612188656,10.5902491243,67.76,13.24,181
2020-05-04 12:15:00,b1,me,990,46.6612188656,10.5902491243,64.49,13.57,183
2020-05-04 12:30:00,b1,me,990,46.6612188656,10.5902491243,65.31,13.99,217
2020-05-04 12:45:00,b1,me,990,46.6612188656,10.5902491243,64.96,14.34,259
2020-05-04 13:00:00,b1,me,990,46.6612188656,10.5902491243,64.8,14.8,171
2020-05-04 13:15:00,b1,me,990,46.6612188656,10.5902491243,64.44,15.12,251
2020-05-04 13:30:00,b1,me,990,46.6612188656,10.5902491243,62.5,15.39,141
2020-05-04 13:45:00,b1,me,990,46.6612188656,10.5902491243,61.1,15.75,189
2020-05-04 14:00:00,b1,me,990,46.6612188656,10.5902491243,60.5,16.1,191
2020-05-04 14:15:00,b1,me,990,46.6612188656,10.5902491243,48.93,17.47,259
2020-05-04 14:30:00,b1,me,990,46.6612188656,10.5902491243,46.06,18.05,217
2020-05-04 14:45:00,b1,me,990,46.6612188656,10.5902491243,42.77,18.63,166
2020-05-04 15:00:00,b1,me,990,46.6612188656,10.5902491243,42.03,18.99,173
2020-05-04 15:15:00,b1,me,990,46.6612188656,10.5902491243,39.33,19.31,223
2020-05-04 15:30:00,b1,me,990,46.6612188656,10.5902491243,39.51,19.4,180
2020-05-04 15:45:00,b1,me,990,46.6612188656,10.5902491243,38.64,19.36,232
2020-05-04 16:00:00,b1,me,990,46.6612188656,10.5902491243,39.82,19.51,211
2020-05-04 16:15:00,b1,me,990,46.6612188656,10.5902491243,38.68,19.68,201
2020-05-04 16:30:00,b1,me,990,46.6612188656,10.5902491243,38.31,19.49,155
2020-05-04 16:45:00,b1,me,990,46.6612188656,10.5902491243,39.5,19.24,236
2020-05-04 17:00:00,b1,me,990,46.6612188656,10.5902491243,38.44,19.47,208
2020-05-04 17:15:00,b1,me,990,46.6612188656,10.5902491243,37.2,19.2,173
2020-05-04 17:30:00,b1,me,990,46.6612188656,10.5902491243,38.21,19.17,222
2020-05-04 17:45:00,b1,me,990,46.6612188656,10.5902491243,37.4,19.41,266
2020-05-04 18:00:00,b1,me,990,46.6612188656,10.5902491243,39.65,19.29,282
2020-05-04 18:15:00,b1,me,990,46.6612188656,10.5902491243,41.99,18.66,122
2020-05-04 18:30:00,b1,me,990,46.6612188656,10.5902491243,43.02,17.38,277
2020-05-04 18:45:00,b1,me,990,46.6612188656,10.5902491243,44.37,16.21,25
2020-05-04 19:00:00,b1,me,990,46.6612188656,10.5902491243,50.31,14.73,49
2020-05-04 19:15:00,b1,me,990,46.6612188656,10.5902491243,51.96,14.12,3
2020-05-04 19:30:00,b1,me,990,46.6612188656,10.5902491243,53.29,13.59,70
2020-05-04 19:45:00,b1,me,990,46.6612188656,10.5902491243,53.53,13.42,28
2020-05-04 20:00:00,b1,me,990,46.6612188656,10.5902491243,54.95,12.84,49
2020-05-04 20:15:00,b1,me,990,46.6612188656,10.5902491243,57.16,12.6,58
2020-05-04 20:30:00,b1,me,990,46.6612188656,10.5902491243,59.48,11.94,58
2020-05-04 20:45:00,b1,me,990,46.6612188656,10.5902491243,61.06,11.57,73
2020-05-04 21:00:00,b1,me,990,46.6612188656,10.5902491243,62.36,11.3,51
2020-05-04 21:15:00,b1,me,990,46.6612188656,10.5902491243,62.39,10.98,109
2020-05-04 21:30:00,b1,me,990,46.6612188656,10.5902491243,63.94,10.69,83
2020-05-04 21:45:00,b1,me,990,46.6612188656,10.5902491243,64.25,10.79,68
2020-05-04 22:00:00,b1,me,990,46.6612188656,10.5902491243,65.32,10.65,67
2020-05-04 22:15:00,b1,me,990,46.6612188656,10.5902491243,67.79,10.26,23
2020-05-04 22:30:00,b1,me,990,46.6612188656,10.5902491243,66.78,10.16,67
2020-05-04 22:45:00,b1,me,990,46.6612188656,10.5902491243,66.42,10.17,35
2020-05-04 23:00:00,b1,me,990,46.6612188656,10.5902491243,69.44,9.58,73
2020-05-04 23:15:00,b1,me,990,46.6612188656,10.5902491243,69.56,9.55,101
2020-05-04 23:30:00,b1,me,990,46.6612188656,10.5902491243,69.19,9.33,71
2020-05-04 23:45:00,b1,me,990,46.6612188656,10.5902491243,68.54,9.38,38
2020-05-05 00:00:00,b1,me,990,46.6612188656,10.5902491243,69.32,9.25,49
2020-05-05 00:15:00,b1,me,990,46.6612188656,10.5902491243,69.95,9.2,73
2020-05-05 00:30:00,b1,me,990,46.6612188656,10.5902491243,71.49,8.9,70
2020-05-05 00:45:00,b1,me,990,46.6612188656,10.5902491243,71.61,8.89,52
2020-05-05 01:00:00,b1,me,990,46.6612188656,10.5902491243,70.1,9.21,10
2020-05-05 01:15:00,b1,me,990,46.6612188656,10.5902491243,73.09,8.95,64
2020-05-05 01:30:00,b1,me,990,46.6612188656,10.5902491243,73.34,8.73,48
2020-05-05 01:45:00,b1,me,990,46.6612188656,10.5902491243,74.38,8.78,70
2020-05-05 02:00:00,b1,me,990,46.6612188656,10.5902491243,74.86,8.41,59
2020-05-05 02:15:00,b1,me,990,46.6612188656,10.5902491243,75.93,7.959,47
2020-05-05 02:30:00,b1,me,990,46.6612188656,10.5902491243,77.7,7.443,334
2020-05-05 02:45:00,b1,me,990,46.6612188656,10.5902491243,78.37,7.248,50
2020-05-05 03:00:00,b1,me,990,46.6612188656,10.5902491243,79.38,7.165,36
2020-05-05 03:15:00,b1,me,990,46.6612188656,10.5902491243,78.74,7.109,80
2020-05-05 03:30:00,b1,me,990,46.6612188656,10.5902491243,77.26,7.401,43
2020-05-05 03:45:00,b1,me,990,46.6612188656,10.5902491243,77.83,7.421,85
2020-05-05 04:00:00,b1,me,990,46.6612188656,10.5902491243,75.41,7.815,29
2020-05-05 04:15:00,b1,me,990,46.6612188656,10.5902491243,79.54,7.153,59
2020-05-05 04:30:00,b1,me,990,46.6612188656,10.5902491243,80.5,6.944,33
2020-05-05 04:45:00,b1,me,990,46.6612188656,10.5902491243,79.74,7.052,75
2020-05-05 05:00:00,b1,me,990,46.6612188656,10.5902491243,80.6,6.937,13
2020-05-05 05:15:00,b1,me,990,46.6612188656,10.5902491243,80,7.071,31
2020-05-05 05:30:00,b1,me,990,46.6612188656,10.5902491243,85,6.435,72
2020-05-05 05:45:00,b1,me,990,46.6612188656,10.5902491243,81,6.969,76
2020-05-05 06:00:00,b1,me,990,46.6612188656,10.5902491243,81.6,7.255,111
2020-05-05 06:15:00,b1,me,990,46.6612188656,10.5902491243,79.86,7.522,56
2020-05-05 06:30:00,b1,me,990,46.6612188656,10.5902491243,80.8,7.846,193
2020-05-05 06:45:00,b1,me,990,46.6612188656,10.5902491243,83.8,7.962,242
2020-05-05 07:00:00,b1,me,990,46.6612188656,10.5902491243,83.7,8.64,195
2020-05-05 07:15:00,b1,me,990,46.6612188656,10.5902491243,83.8,8.47,54
2020-05-05 07:30:00,b1,me,990,46.6612188656,10.5902491243,82.5,8.58,244
2020-05-05 07:45:00,b1,me,990,46.6612188656,10.5902491243,80.7,8.71,249
2020-05-05 08:00:00,b1,me,990,46.6612188656,10.5902491243,79.8,8.88,307
2020-05-05 08:15:00,b1,me,990,46.6612188656,10.5902491243,78.93,9.31,298
2020-05-05 08:30:00,b1,me,990,46.6612188656,10.5902491243,70.06,9.94,159
2020-05-05 08:45:00,b1,me,990,46.6612188656,10.5902491243,70.9,10.24,128
2020-05-05 09:00:00,b1,me,990,46.6612188656,10.5902491243,69.85,10.48,212
2020-05-05 09:15:00,b1,me,990,46.6612188656,10.5902491243,68.29,10.77,181
2020-05-05 09:30:00,b1,me,990,46.6612188656,10.5902491243,70.32,10.75,238
2020-05-05 09:45:00,b1,me,990,46.6612188656,10.5902491243,69.69,10.84,215
2020-05-05 10:00:00,b1,me,990,46.6612188656,10.5902491243,68.64,11.48,5
2020-05-05 10:15:00,b1,me,990,46.6612188656,10.5902491243,65.15,12.14,290
2020-05-05 10:30:00,b1,me,990,46.6612188656,10.5902491243,65.61,12.11,230
2020-05-05 10:45:00,b1,me,990,46.6612188656,10.5902491243,65.35,12.18,167
2020-05-05 11:00:00,b1,me,990,46.6612188656,10.5902491243,67.27,12.17,226
2020-05-05 11:15:00,b1,me,990,46.6612188656,10.5902491243,65.27,12.42,181
2020-05-05 11:30:00,b1,me,990,46.6612188656,10.5902491243,64.09,12.66,267
2020-05-05 11:45:00,b1,me,990,46.6612188656,10.5902491243,64.77,12.88,184
2020-05-05 12:00:00,b1,me,990,46.6612188656,10.5902491243,62.19,14,172
2020-05-05 12:15:00,b1,me,990,46.6612188656,10.5902491243,61.81,13.87,329
2020-05-05 12:30:00,b1,me,990,46.6612188656,10.5902491243,63.38,13.93,271
2020-05-05 12:45:00,b1,me,990,46.6612188656,10.5902491243,62.87,14.44,255
2020-05-05 13:00:00,b1,me,990,46.6612188656,10.5902491243,59.25,15.36,193
2020-05-05 13:15:00,b1,me,990,46.6612188656,10.5902491243,59.89,15.85,261
2020-05-05 13:30:00,b1,me,990,46.6612188656,10.5902491243,55.3,15.97,260
2020-05-05 13:45:00,b1,me,990,46.6612188656,10.5902491243,54.72,15.67,317
2020-05-05 14:00:00,b1,me,990,46.6612188656,10.5902491243,53.4,15.36,270
2020-05-05 14:15:00,b1,me,990,46.6612188656,10.5902491243,50.92,15.46,232
2020-05-05 14:30:00,b1,me,990,46.6612188656,10.5902491243,51.01,15.17,330
2020-05-05 14:45:00,b1,me,990,46.6612188656,10.5902491243,55.98,14.63,25
2020-05-05 15:00:00,b1,me,990,46.6612188656,10.5902491243,59.32,14.07,134
2020-05-05 15:15:00,b1,me,990,46.6612188656,10.5902491243,66.9,13.49,144
2020-05-05 15:30:00,b1,me,990,46.6612188656,10.5902491243,68.29,14.13,172
2020-05-05 15:45:00,b1,me,990,46.6612188656,10.5902491243,64.23,14.66,90
2020-05-05 16:00:00,b1,me,990,46.6612188656,10.5902491243,61.83,14.78,17
2020-05-05 16:15:00,b1,me,990,46.6612188656,10.5902491243,60.58,14.08,14
2020-05-05 16:30:00,b1,me,990,46.6612188656,10.5902491243,60.35,14.05,14
2020-05-05 16:45:00,b1,me,990,46.6612188656,10.5902491243,61.34,14.54,275
2020-05-05 17:00:00,b1,me,990,46.6612188656,10.5902491243,56.61,16.43,265
2020-05-05 17:15:00,b1,me,990,46.6612188656,10.5902491243,61.7,14.88,128
2020-05-05 17:30:00,b1,me,990,46.6612188656,10.5902491243,65.48,14.01,173
2020-05-05 17:45:00,b1,me,990,46.6612188656,10.5902491243,61.93,13.93,19
2020-05-05 18:00:00,b1,me,990,46.6612188656,10.5902491243,63.86,13.58,108
2020-05-05 18:15:00,b1,me,990,46.6612188656,10.5902491243,65.97,13.43,127
2020-05-05 18:30:00,b1,me,990,46.6612188656,10.5902491243,65.22,13.4,163
2020-05-05 18:45:00,b1,me,990,46.6612188656,10.5902491243,60.55,13.46,82
2020-05-05 19:00:00,b1,me,990,46.6612188656,10.5902491243,65.77,12.91,129
2020-05-05 19:15:00,b1,me,990,46.6612188656,10.5902491243,67.36,12.53,131
2020-05-05 19:30:00,b1,me,990,46.6612188656,10.5902491243,67.65,12.44,146
2020-05-05 19:45:00,b1,me,990,46.6612188656,10.5902491243,66.88,12.37,124
2020-05-05 20:00:00,b1,me,990,46.6612188656,10.5902491243,66.01,12.35,136
2020-05-05 20:15:00,b1,me,990,46.6612188656,10.5902491243,66.02,12.49,150
2020-05-05 20:30:00,b1,me,990,46.6612188656,10.5902491243,64.93,12.66,138
2020-05-05 20:45:00,b1,me,990,46.6612188656,10.5902491243,66.6,12.65,173
2020-05-05 21:00:00,b1,me,990,46.6612188656,10.5902491243,70.86,12.21,239
2020-05-05 21:15:00,b1,me,990,46.6612188656,10.5902491243,77.63,11.57,129
2020-05-05 21:30:00,b1,me,990,46.6612188656,10.5902491243,73.73,11.84,65
2020-05-05 21:45:00,b1,me,990,46.6612188656,10.5902491243,74.76,11.64,237
2020-05-05 22:00:00,b1,me,990,46.6612188656,10.5902491243,75.75,11.61,56
2020-05-05 22:15:00,b1,me,990,46.6612188656,10.5902491243,79.38,11.13,62
2020-05-05 22:30:00,b1,me,990,46.6612188656,10.5902491243,83.5,10.7,43
2020-05-05 22:45:00,b1,me,990,46.6612188656,10.5902491243,84.6,10.54,78
2020-05-05 23:00:00,b1,me,990,46.6612188656,10.5902491243,87.7,10.26,75
2020-05-05 23:15:00,b1,me,990,46.6612188656,10.5902491243,89.2,10.12,81
2020-05-05 23:30:00,b1,me,990,46.6612188656,10.5902491243,90.5,9.87,38
2020-05-05 23:45:00,b1,me,990,46.6612188656,10.5902491243,91.6,9.67,108
2020-05-06 00:00:00,b1,me,990,46.6612188656,10.5902491243,91.4,9.56,80
2020-05-06 00:15:00,b1,me,990,46.6612188656,10.5902491243,89.8,9.56,106
2020-05-06 00:30:00,b1,me,990,46.6612188656,10.5902491243,87.5,9.57,134
2020-05-06 00:45:00,b1,me,990,46.6612188656,10.5902491243,86.4,9.59,41
2020-05-06 01:00:00,b1,me,990,46.6612188656,10.5902491243,85.5,9.7,56
2020-05-06 01:15:00,b1,me,990,46.6612188656,10.5902491243,86,9.58,126
2020-05-06 01:30:00,b1,me,990,46.6612188656,10.5902491243,82.2,9.83,125
2020-05-06 01:45:00,b1,me,990,46.6612188656,10.5902491243,77.68,9.95,122
2020-05-06 02:00:00,b1,me,990,46.6612188656,10.5902491243,76.7,10.14,79
2020-05-06 02:15:00,b1,me,990,46.6612188656,10.5902491243,77.04,10.16,141
2020-05-06 02:30:00,b1,me,990,46.6612188656,10.5902491243,77.09,9.93,92
2020-05-06 02:45:00,b1,me,990,46.6612188656,10.5902491243,75.52,9.97,65
2020-05-06 03:00:00,b1,me,990,46.6612188656,10.5902491243,67.19,10.82,307
2020-05-06 03:15:00,b1,me,990,46.6612188656,10.5902491243,67.45,10.63,237
2020-05-06 03:30:00,b1,me,990,46.6612188656,10.5902491243,69.24,10.21,195
2020-05-06 03:45:00,b1,me,990,46.6612188656,10.5902491243,69.89,10.05,145
2020-05-06 04:00:00,b1,me,990,46.6612188656,10.5902491243,71.5,9.76,129
2020-05-06 04:15:00,b1,me,990,46.6612188656,10.5902491243,69.89,9.97,80
2020-05-06 04:30:00,b1,me,990,46.6612188656,10.5902491243,70.73,9.78,137
2020-05-06 04:45:00,b1,me,990,46.6612188656,10.5902491243,71.73,9.77,129
2020-05-06 05:00:00,b1,me,990,46.6612188656,10.5902491243,70.63,9.84,77
2020-05-06 05:15:00,b1,me,990,46.6612188656,10.5902491243,67.94,10.04,107
2020-05-06 05:30:00,b1,me,990,46.6612188656,10.5902491243,71.19,9.79,120
2020-05-06 05:45:00,b1,me,990,46.6612188656,10.5902491243,71.29,9.88,146
2020-05-06 06:00:00,b1,me,990,46.6612188656,10.5902491243,73.12,9.79,150
2020-05-06 06:15:00,b1,me,990,46.6612188656,10.5902491243,71.62,10.03,317
2020-05-06 06:30:00,b1,me,990,46.6612188656,10.5902491243,69.43,10.33,163
2020-05-06 06:45:00,b1,me,990,46.6612188656,10.5902491243,70.45,10.45,150
2020-05-06 07:00:00,b1,me,990,46.6612188656,10.5902491243,69.17,10.75,114
2020-05-06 07:15:00,b1,me,990,46.6612188656,10.5902491243,67.98,11.03,116
2020-05-06 07:30:00,b1,me,990,46.6612188656,10.5902491243,70.44,10.83,199
2020-05-06 07:45:00,b1,me,990,46.6612188656,10.5902491243,68.89,10.94,101
2020-05-06 08:00:00,b1,me,990,46.6612188656,10.5902491243,63.47,11.79,318
2020-05-06 08:15:00,b1,me,990,46.6612188656,10.5902491243,51.02,13.1,352
2020-05-06 08:30:00,b1,me,990,46.6612188656,10.5902491243,51.94,13.07,277
2020-05-06 08:45:00,b1,me,990,46.6612188656,10.5902491243,51.1,13.19,299
2020-05-06 09:00:00,b1,me,990,46.6612188656,10.5902491243,50.25,13.33,309
2020-05-06 09:15:00,b1,me,990,46.6612188656,10.5902491243,50.9,13.57,273
2020-05-06 09:30:00,b1,me,990,46.6612188656,10.5902491243,48.94,13.94,293
2020-05-06 09:45:00,b1,me,990,46.6612188656,10.5902491243,50.31,13.99,14
2020-05-06 10:00:00,b1,me,990,46.6612188656,10.5902491243,48.52,14.07,302
2020-05-06 10:15:00,b1,me,990,46.6612188656,10.5902491243,46.65,14.23,284
2020-05-06 10:30:00,b1,me,990,46.6612188656,10.5902491243,45.13,14.47,327
2020-05-06 10:45:00,b1,me,990,46.6612188656,10.5902491243,41.1,15.41,356
2020-05-06 11:00:00,b1,me,990,46.6612188656,10.5902491243,39.89,15.83,271
2020-05-06 11:15:00,b1,me,990,46.6612188656,10.5902491243,36.96,16.44,324
2020-05-06 11:30:00,b1,me,990,46.6612188656,10.5902491243,33.92,16.32,333
2020-05-06 11:45:00,b1,me,990,46.6612188656,10.5902491243,33.73,16.49,333
2020-05-06 12:00:00,b1,me,990,46.6612188656,10.5902491243,33.23,16.51,328
2020-05-06 12:15:00,b1,me,990,46.6612188656,10.5902491243,31.88,16.56,330
2020-05-03 00:00:00,b2,me,1490,46.6862577024,10.5798451965,39.36,5.665,354
2020-05-03 00:15:00,b2,me,1490,46.6862577024,10.5798451965,39.26,5.645,342
2020-05-03 00:30:00,b2,me,1490,46.6862577024,10.5798451965,39.83,5.496,352
2020-05-03 00:45:00,b2,me,1490,46.6862577024,10.5798451965,37.91,5.715,31
2020-05-03 01:00:00,b2,me,1490,46.6862577024,10.5798451965,39.29,5.449,4
2020-05-03 01:15:00,b2,me,1490,46.6862577024,10.5798451965,41.8,5.097,21
2020-05-03 01:30:00,b2,me,1490,46.6862577024,10.5798451965,42.42,4.761,34
2020-05-03 01:45:00,b2,me,1490,46.6862577024,10.5798451965,43.02,4.482,11
2020-05-03 02:00:00,b2,me,1490,46.6862577024,10.5798451965,43.09,4.117,36
2020-05-03 02:15:00,b2,me,1490,46.6862577024,10.5798451965,41.84,4.178,26
2020-05-03 02:30:00,b2,me,1490,46.6862577024,10.5798451965,38.02,4.561,9
2020-05-03 02:45:00,b2,me,1490,46.6862577024,10.5798451965,38.26,4.514,349
2020-05-03 03:00:00,b2,me,1490,46.6862577024,10.5798451965,37.93,4.376,3
2020-05-03 03:15:00,b2,me,1490,46.6862577024,10.5798451965,34.56,4.647,343
2020-05-03 03:30:00,b2,me,1490,46.6862577024,10.5798451965,33.4,4.603,20
2020-05-03 03:45:00,b2,me,1490,46.6862577024,10.5798451965,33.76,4.252,2
2020-05-03 04:00:00,b2,me,1490,46.6862577024,10.5798451965,31.87,3.783,21
2020-05-03 04:15:00,b2,me,1490,46.6862577024,10.5798451965,30.09,3.665,352
2020-05-03 04:30:00,b2,me,1490,46.6862577024,10.5798451965,30.79,3.552,15
2020-05-03 04:45:00,b2,me,1490,46.6862577024,10.5798451965,29.72,3.307,323
2020-05-03 05:00:00,b2,me,1490,46.6862577024,10.5798451965,30,3.174,1
2020-05-03 05:15:00,b2,me,1490,46.6862577024,10.5798451965,26.37,3.708,19
2020-05-03 05:30:00,b2,me,1490,46.6862577024,10.5798451965,26.38,3.679,303
2020-05-03 05:45:00,b2,me,1490,46.6862577024,10.5798451965,28.01,3.262,4
2020-05-03 06:00:00,b2,me,1490,46.6862577024,10.5798451965,30.2,2.761,347
2020-05-03 06:15:00,b2,me,1490,46.6862577024,10.5798451965,28.52,3.077,354
2020-05-03 06:30:00,b2,me,1490,46.6862577024,10.5798451965,31.75,2.702,10
2020-05-03 06:45:00,b2,me,1490,46.6862577024,10.5798451965,33.27,2.874,9
2020-05-03 07:00:00,b2,me,1490,46.6862577024,10.5798451965,35.96,2.739,36
2020-05-03 07:15:00,b2,me,1490,46.6862577024,10.5798451965,38.85,2.646,14
2020-05-03 07:30:00,b2,me,1490,46.6862577024,10.5798451965,31.98,3.391,255
2020-05-03 07:45:00,b2,me,1490,46.6862577024,10.5798451965,32.91,3.805,309
2020-05-03 08:00:00,b2,me,1490,46.6862577024,10.5798451965,33.32,3.925,329
2020-05-03 08:15:00,b2,me,1490,46.6862577024,10.5798451965,30.4,4.305,304
2020-05-03 08:30:00,b2,me,1490,46.6862577024,10.5798451965,32.7,4.456,271
2020-05-03 08:45:00,b2,me,1490,46.6862577024,10.5798451965,35.3,4.234,263
2020-05-03 09:00:00,b2,me,1490,46.6862577024,10.5798451965,37.35,4.097,332
2020-05-03 09:15:00,b2,me,1490,46.6862577024,10.5798451965,35.68,4.402,312
2020-05-03 09:30:00,b2,me,1490,46.6862577024,10.5798451965,35.53,4.785,338
2020-05-03 09:45:00,b2,me,1490,46.6862577024,10.5798451965,34.38,4.886,259
2020-05-03 10:00:00,b2,me,1490,46.6862577024,10.5798451965,36.68,5.138,247
2020-05-03 10:15:00,b2,me,1490,46.6862577024,10.5798451965,36.95,5.132,2
2020-05-03 10:30:00,b2,me,1490,46.6862577024,10.5798451965,35.7,5.602,333
2020-05-03 10:45:00,b2,me,1490,46.6862577024,10.5798451965,37.36,5.864,236
2020-05-03 11:00:00,b2,me,1490,46.6862577024,10.5798451965,36.15,5.951,269
2020-05-03 11:15:00,b2,me,1490,46.6862577024,10.5798451965,30.73,6.929,278
2020-05-03 11:30:00,b2,me,1490,46.6862577024,10.5798451965,28.25,7.633,227
2020-05-03 11:45:00,b2,me,1490,46.6862577024,10.5798451965,28.37,7.991,257
2020-05-03 12:00:00,b2,me,1490,46.6862577024,10.5798451965,26.79,8.38,343
2020-05-03 12:15:00,b2,me,1490,46.6862577024,10.5798451965,27.36,8.49,279
2020-05-03 12:30:00,b2,me,1490,46.6862577024,10.5798451965,25.61,8.72,358
2020-05-03 12:45:00,b2,me,1490,46.6862577024,10.5798451965,24.67,8.82,275
2020-05-03 13:00:00,b2,me,1490,46.6862577024,10.5798451965,22.63,8.97,290
2020-05-03 13:15:00,b2,me,1490,46.6862577024,10.5798451965,22.96,9.45,273
2020-05-03 13:30:00,b2,me,1490,46.6862577024,10.5798451965,23.15,9.87,270
2020-05-03 13:45:00,b2,me,1490,46.6862577024,10.5798451965,22.35,10.08,322
2020-05-03 14:00:00,b2,me,1490,46.6862577024,10.5798451965,21.93,9.97,332
2020-05-03 14:15:00,b2,me,1490,46.6862577024,10.5798451965,21.57,10.21,311
2020-05-03 14:30:00,b2,me,1490,46.6862577024,10.5798451965,20.61,10.64,289
2020-05-03 14:45:00,b2,me,1490,46.6862577024,10.5798451965,20.32,10.89,340
2020-05-03 15:00:00,b2,me,1490,46.6862577024,10.5798451965,19.02,10.47,13
2020-05-03 15:15:00,b2,me,1490,46.6862577024,10.5798451965,19.22,10.41,318
2020-05-03 15:30:00,b2,me,1490,46.6862577024,10.5798451965,20.05,10.82,317
2020-05-03 15:45:00,b2,me,1490,46.6862577024,10.5798451965,17.89,10.73,327
2020-05-03 16:00:00,b2,me,1490,46.6862577024,10.5798451965,16.35,10.87,350
2020-05-03 16:15:00,b2,me,1490,46.6862577024,10.5798451965,16.74,11.01,312
2020-05-03 16:30:00,b2,me,1490,46.6862577024,10.5798451965,15.27,10.63,13
2020-05-03 16:45:00,b2,me,1490,46.6862577024,10.5798451965,17.26,10.55,328
2020-05-03 17:00:00,b2,me,1490,46.6862577024,10.5798451965,14.36,10.45,6
2020-05-03 17:15:00,b2,me,1490,46.6862577024,10.5798451965,16.21,10.66,329
2020-05-03 17:30:00,b2,me,1490,46.6862577024,10.5798451965,16.46,11.22,308
2020-05-03 17:45:00,b2,me,1490,46.6862577024,10.5798451965,15.28,11.18,315
2020-05-03 18:00:00,b2,me,1490,46.6862577024,10.5798451965,15.44,10.92,332
2020-05-03 18:15:00,b2,me,1490,46.6862577024,10.5798451965,16.67,10.99,350
2020-05-03 18:30:00,b2,me,1490,46.6862577024,10.5798451965,17.48,11.08,358
2020-05-03 18:45:00,b2,me,1490,46.6862577024,10.5798451965,18.54,9.99,345
2020-05-03 19:00:00,b2,me,1490,46.6862577024,10.5798451965,19.1,9.53,23
2020-05-03 19:15:00,b2,me,1490,46.6862577024,10.5798451965,20.56,9.33,10
2020-05-03 19:30:00,b2,me,1490,46.6862577024,10.5798451965,21.44,9.17,31
2020-05-03 19:45:00,b2,me,1490,46.6862577024,10.5798451965,21.21,9.27,28
2020-05-03 20:00:00,b2,me,1490,46.6862577024,10.5798451965,20.81,9.48,7
2020-05-03 20:15:00,b2,me,1490,46.6862577024,10.5798451965,22.51,9.2,22
2020-05-03 20:30:00,b2,me,1490,46.6862577024,10.5798451965,24.82,9.11,8
2020-05-03 20:45:00,b2,me,1490,46.6862577024,10.5798451965,25.27,9.04,22
2020-05-03 21:00:00,b2,me,1490,46.6862577024,10.5798451965,25.57,9.14,21
2020-05-03 21:15:00,b2,me,1490,46.6862577024,10.5798451965,26.9,9.17,41
2020-05-03 21:30:00,b2,me,1490,46.6862577024,10.5798451965,27.1,9.2,16
2020-05-03 21:45:00,b2,me,1490,46.6862577024,10.5798451965,30.49,9.01,36
2020-05-03 22:00:00,b2,me,1490,46.6862577024,10.5798451965,31.78,8.84,16
2020-05-03 22:15:00,b2,me,1490,46.6862577024,10.5798451965,32.26,8.85,21
2020-05-03 22:30:00,b2,me,1490,46.6862577024,10.5798451965,32.83,8.61,17
2020-05-03 22:45:00,b2,me,1490,46.6862577024,10.5798451965,35.98,8.29,47
2020-05-03 23:00:00,b2,me,1490,46.6862577024,10.5798451965,38.15,8.24,44
2020-05-03 23:15:00,b2,me,1490,46.6862577024,10.5798451965,42.07,7.82,76
2020-05-03 23:30:00,b2,me,1490,46.6862577024,10.5798451965,43.04,7.755,31
2020-05-03 23:45:00,b2,me,1490,46.6862577024,10.5798451965,41.34,7.818,54
2020-05-04 00:00:00,b2,me,1490,46.6862577024,10.5798451965,44.91,7.379,251
2020-05-04 00:15:00,b2,me,1490,46.6862577024,10.5798451965,44.54,6.933,76
2020-05-04 00:30:00,b2,me,1490,46.6862577024,10.5798451965,45.43,6.783,45
2020-05-04 00:45:00,b2,me,1490,46.6862577024,10.5798451965,47.45,6.53,85
2020-05-04 01:00:00,b2,me,1490,46.6862577024,10.5798451965,49.49,6.105,42
2020-05-04 01:15:00,b2,me,1490,46.6862577024,10.5798451965,49.71,6.046,46
2020-05-04 01:30:00,b2,me,1490,46.6862577024,10.5798451965,50.88,5.875,40
2020-05-04 01:45:00,b2,me,1490,46.6862577024,10.5798451965,52.11,5.732,47
2020-05-04 02:00:00,b2,me,1490,46.6862577024,10.5798451965,52.37,5.729,48
2020-05-04 02:15:00,b2,me,1490,46.6862577024,10.5798451965,53.54,5.824,36
2020-05-04 02:30:00,b2,me,1490,46.6862577024,10.5798451965,55.18,5.917,48
2020-05-04 02:45:00,b2,me,1490,46.6862577024,10.5798451965,55.75,5.701,45
2020-05-04 03:00:00,b2,me,1490,46.6862577024,10.5798451965,56.79,5.102,43
2020-05-04 03:15:00,b2,me,1490,46.6862577024,10.5798451965,56.32,5.03,36
2020-05-04 03:30:00,b2,me,1490,46.6862577024,10.5798451965,58.08,4.773,40
2020-05-04 03:45:00,b2,me,1490,46.6862577024,10.5798451965,58.7,4.595,44
2020-05-04 04:00:00,b2,me,1490,46.6862577024,10.5798451965,59.13,4.669,28
2020-05-04 04:15:00,b2,me,1490,46.6862577024,10.5798451965,57.92,4.867,29
2020-05-04 04:30:00,b2,me,1490,46.6862577024,10.5798451965,58.12,4.75,37
2020-05-04 04:45:00,b2,me,1490,46.6862577024,10.5798451965,59.65,4.324,68
2020-05-04 05:00:00,b2,me,1490,46.6862577024,10.5798451965,61.63,3.973,48
2020-05-04 05:15:00,b2,me,1490,46.6862577024,10.5798451965,61.75,4.065,52
2020-05-04 05:30:00,b2,me,1490,46.6862577024,10.5798451965,61.92,3.909,34
2020-05-04 05:45:00,b2,me,1490,46.6862577024,10.5798451965,62.79,3.659,34
2020-05-04 06:00:00,b2,me,1490,46.6862577024,10.5798451965,62.82,3.593,57
2020-05-04 06:15:00,b2,me,1490,46.6862577024,10.5798451965,62.91,3.566,38
2020-05-04 06:30:00,b2,me,1490,46.6862577024,10.5798451965,64.68,3.359,16
2020-05-04 06:45:00,b2,me,1490,46.6862577024,10.5798451965,66.52,3.223,340
2020-05-04 07:00:00,b2,me,1490,46.6862577024,10.5798451965,65.24,3.431,39
2020-05-04 07:15:00,b2,me,1490,46.6862577024,10.5798451965,62.3,4.197,29
2020-05-04 07:30:00,b2,me,1490,46.6862577024,10.5798451965,61.77,4.83,35
2020-05-04 07:45:00,b2,me,1490,46.6862577024,10.5798451965,60.33,5.814,189
2020-05-04 08:00:00,b2,me,1490,46.6862577024,10.5798451965,53.21,7.176,244
2020-05-04 08:15:00,b2,me,1490,46.6862577024,10.5798451965,54.41,6.939,293
2020-05-04 08:30:00,b2,me,1490,46.6862577024,10.5798451965,58.43,6.634,68
2020-05-04 08:45:00,b2,me,1490,46.6862577024,10.5798451965,56.91,6.956,175
2020-05-04 09:00:00,b2,me,1490,46.6862577024,10.5798451965,57.39,7.547,164
2020-05-04 09:15:00,b2,me,1490,46.6862577024,10.5798451965,58.95,7.638,253
2020-05-04 09:30:00,b2,me,1490,46.6862577024,10.5798451965,58,7.999,156
2020-05-04 09:45:00,b2,me,1490,46.6862577024,10.5798451965,55.69,8.26,196
2020-05-04 10:00:00,b2,me,1490,46.6862577024,10.5798451965,58.88,8.17,105
2020-05-04 10:15:00,b2,me,1490,46.6862577024,10.5798451965,57.14,8.42,68
2020-05-04 10:30:00,b2,me,1490,46.6862577024,10.5798451965,57.85,9.16,232
2020-05-04 10:45:00,b2,me,1490,46.6862577024,10.5798451965,57.29,9.53,254
2020-05-04 11:00:00,b2,me,1490,46.6862577024,10.5798451965,59.3,9.77,184
2020-05-04 11:15:00,b2,me,1490,46.6862577024,10.5798451965,59.06,10.25,180
2020-05-04 11:30:00,b2,me,1490,46.6862577024,10.5798451965,58.04,10.86,199
2020-05-04 11:45:00,b2,me,1490,46.6862577024,10.5798451965,57.83,11.13,215
2020-05-04 12:00:00,b2,me,1490,46.6862577024,10.5798451965,55.67,11.87,201
2020-05-04 12:15:00,b2,me,1490,46.6862577024,10.5798451965,57.35,11.83,174
2020-05-04 12:30:00,b2,me,1490,46.6862577024,10.5798451965,55.18,12.3,163
2020-05-04 12:45:00,b2,me,1490,46.6862577024,10.5798451965,54.8,12.65,166
2020-05-04 13:00:00,b2,me,1490,46.6862577024,10.5798451965,53.01,13.21,202
2020-05-04 13:15:00,b2,me,1490,46.6862577024,10.5798451965,51.37,13.46,137
2020-05-04 13:30:00,b2,me,1490,46.6862577024,10.5798451965,50.75,13.75,202
2020-05-04 13:45:00,b2,me,1490,46.6862577024,10.5798451965,50.59,14.04,193
2020-05-04 14:00:00,b2,me,1490,46.6862577024,10.5798451965,50.2,14.17,233
2020-05-04 14:15:00,b2,me,1490,46.6862577024,10.5798451965,49.93,14.53,224
2020-05-04 14:30:00,b2,me,1490,46.6862577024,10.5798451965,47.36,14.74,196
2020-05-04 14:45:00,b2,me,1490,46.6862577024,10.5798451965,49.04,14.68,196
2020-05-04 15:00:00,b2,me,1490,46.6862577024,10.5798451965,47.33,14.86,216
2020-05-04 15:15:00,b2,me,1490,46.6862577024,10.5798451965,47.56,15.02,206
2020-05-04 15:30:00,b2,me,1490,46.6862577024,10.5798451965,46.07,14.87,133
2020-05-04 15:45:00,b2,me,1490,46.6862577024,10.5798451965,43.5,15.14,129
2020-05-04 16:00:00,b2,me,1490,46.6862577024,10.5798451965,44.7,15.2,171
2020-05-04 16:15:00,b2,me,1490,46.6862577024,10.5798451965,45.87,15.14,177
2020-05-04 16:30:00,b2,me,1490,46.6862577024,10.5798451965,43.17,15.55,202
2020-05-04 16:45:00,b2,me,1490,46.6862577024,10.5798451965,43.16,15.09,158
2020-05-04 17:00:00,b2,me,1490,46.6862577024,10.5798451965,42.43,15.08,168
2020-05-04 17:15:00,b2,me,1490,46.6862577024,10.5798451965,43.31,15.1,182
2020-05-04 17:30:00,b2,me,1490,46.6862577024,10.5798451965,42.87,14.99,253
2020-05-04 17:45:00,b2,me,1490,46.6862577024,10.5798451965,44.32,14.75,188
2020-05-04 18:00:00,b2,me,1490,46.6862577024,10.5798451965,45.49,14.19,234
2020-05-04 18:15:00,b2,me,1490,46.6862577024,10.5798451965,45.59,13.87,220
2020-05-04 18:30:00,b2,me,1490,46.6862577024,10.5798451965,44.77,13.44,264
2020-05-04 18:45:00,b2,me,1490,46.6862577024,10.5798451965,44.36,13.62,241
2020-05-04 19:00:00,b2,me,1490,46.6862577024,10.5798451965,48.22,12.51,286
2020-05-04 19:15:00,b2,me,1490,46.6862577024,10.5798451965,51.79,11.33,4
2020-05-04 19:30:00,b2,me,1490,46.6862577024,10.5798451965,52.12,10.86,19
2020-05-04 19:45:00,b2,me,1490,46.6862577024,10.5798451965,53.75,10.43,16
2020-05-04 20:00:00,b2,me,1490,46.6862577024,10.5798451965,54.94,9.95,13
2020-05-04 20:15:00,b2,me,1490,46.6862577024,10.5798451965,55.81,9.59,19
2020-05-04 20:30:00,b2,me,1490,46.6862577024,10.5798451965,56.9,9.23,38
2020-05-04 20:45:00,b2,me,1490,46.6862577024,10.5798451965,57.05,9.12,39
2020-05-04 21:00:00,b2,me,1490,46.6862577024,10.5798451965,57.33,8.99,40
2020-05-04 21:15:00,b2,me,1490,46.6862577024,10.5798451965,57.29,8.94,30
2020-05-04 21:30:00,b2,me,1490,46.6862577024,10.5798451965,58.08,8.83,32
2020-05-04 21:45:00,b2,me,1490,46.6862577024,10.5798451965,58.6,8.78,43
2020-05-04 22:00:00,b2,me,1490,46.6862577024,10.5798451965,59.59,8.58,39
2020-05-04 22:15:00,b2,me,1490,46.6862577024,10.5798451965,60.09,8.44,35
2020-05-04 22:30:00,b2,me,1490,46.6862577024,10.5798451965,60.03,8.37,36
2020-05-04 22:45:00,b2,me,1490,46.6862577024,10.5798451965,60.51,8.29,29
2020-05-04 23:00:00,b2,me,1490,46.6862577024,10.5798451965,61.73,7.999,44
2020-05-04 23:15:00,b2,me,1490,46.6862577024,10.5798451965,61.9,7.886,43
2020-05-04 23:30:00,b2,me,1490,46.6862577024,10.5798451965,62.52,7.727,39
2020-05-04 23:45:00,b2,me,1490,46.6862577024,10.5798451965,63.47,7.564,38
2020-05-05 00:00:00,b2,me,1490,46.6862577024,10.5798451965,63.69,7.661,50
2020-05-05 00:15:00,b2,me,1490,46.6862577024,10.5798451965,63.21,7.855,44
2020-05-05 00:30:00,b2,me,1490,46.6862577024,10.5798451965,62.4,8.13,16
2020-05-05 00:45:00,b2,me,1490,46.6862577024,10.5798451965,62.23,8.14,24
2020-05-05 01:00:00,b2,me,1490,46.6862577024,10.5798451965,61.98,8.15,35
2020-05-05 01:15:00,b2,me,1490,46.6862577024,10.5798451965,62.46,8.22,30
2020-05-05 01:30:00,b2,me,1490,46.6862577024,10.5798451965,60.78,8.27,34
2020-05-05 01:45:00,b2,me,1490,46.6862577024,10.5798451965,61.4,8.38,65
2020-05-05 02:00:00,b2,me,1490,46.6862577024,10.5798451965,63.65,7.947,15
2020-05-05 02:15:00,b2,me,1490,46.6862577024,10.5798451965,64.99,7.398,37
2020-05-05 02:30:00,b2,me,1490,46.6862577024,10.5798451965,65.43,7.271,48
2020-05-05 02:45:00,b2,me,1490,46.6862577024,10.5798451965,67.24,6.836,30
2020-05-05 03:00:00,b2,me,1490,46.6862577024,10.5798451965,67.22,6.737,37
2020-05-05 03:15:00,b2,me,1490,46.6862577024,10.5798451965,67.45,6.678,56
2020-05-05 03:30:00,b2,me,1490,46.6862577024,10.5798451965,67.72,6.619,29
2020-05-05 03:45:00,b2,me,1490,46.6862577024,10.5798451965,68.07,6.567,58
2020-05-05 04:00:00,b2,me,1490,46.6862577024,10.5798451965,67.74,6.575,30
2020-05-05 04:15:00,b2,me,1490,46.6862577024,10.5798451965,68.82,6.348,41
2020-05-05 04:30:00,b2,me,1490,46.6862577024,10.5798451965,68.91,6.289,42
2020-05-05 04:45:00,b2,me,1490,46.6862577024,10.5798451965,69.59,6.12,36
2020-05-05 05:00:00,b2,me,1490,46.6862577024,10.5798451965,71.01,5.902,355
2020-05-05 05:15:00,b2,me,1490,46.6862577024,10.5798451965,70.95,5.888,62
2020-05-05 05:30:00,b2,me,1490,46.6862577024,10.5798451965,70.5,6.053,25
2020-05-05 05:45:00,b2,me,1490,46.6862577024,10.5798451965,70.73,6.071,0
2020-05-05 06:00:00,b2,me,1490,46.6862577024,10.5798451965,70.13,6.231,37
2020-05-05 06:15:00,b2,me,1490,46.6862577024,10.5798451965,70.41,6.231,10
2020-05-05 06:30:00,b2,me,1490,46.6862577024,10.5798451965,70.88,6.481,36
2020-05-05 06:45:00,b2,me,1490,46.6862577024,10.5798451965,71.06,6.728,211
2020-05-05 07:00:00,b2,me,1490,46.6862577024,10.5798451965,71.59,6.779,147
2020-05-05 07:15:00,b2,me,1490,46.6862577024,10.5798451965,70.86,6.862,235
2020-05-05 07:30:00,b2,me,1490,46.6862577024,10.5798451965,72.86,6.636,229
2020-05-05 07:45:00,b2,me,1490,46.6862577024,10.5798451965,73.84,6.519,352
2020-05-05 08:00:00,b2,me,1490,46.6862577024,10.5798451965,72.38,6.556,223
2020-05-05 08:15:00,b2,me,1490,46.6862577024,10.5798451965,73.07,6.62,301
2020-05-05 08:30:00,b2,me,1490,46.6862577024,10.5798451965,70.73,7.259,355
2020-05-05 08:45:00,b2,me,1490,46.6862577024,10.5798451965,71.96,7.51,292
2020-05-05 09:00:00,b2,me,1490,46.6862577024,10.5798451965,72.96,7.427,273
2020-05-05 09:15:00,b2,me,1490,46.6862577024,10.5798451965,73.65,7.407,96
2020-05-05 09:30:00,b2,me,1490,46.6862577024,10.5798451965,73.61,7.236,205
2020-05-05 09:45:00,b2,me,1490,46.6862577024,10.5798451965,72.73,7.651,226
2020-05-05 10:00:00,b2,me,1490,46.6862577024,10.5798451965,72.41,8.03,229
2020-05-05 10:15:00,b2,me,1490,46.6862577024,10.5798451965,71.48,8.18,63
2020-05-05 10:30:00,b2,me,1490,46.6862577024,10.5798451965,71.28,8.61,353
2020-05-05 10:45:00,b2,me,1490,46.6862577024,10.5798451965,70.31,8.8,170
2020-05-05 11:00:00,b2,me,1490,46.6862577024,10.5798451965,71.65,9.35,209
2020-05-05 11:15:00,b2,me,1490,46.6862577024,10.5798451965,71.84,9.84,238
2020-05-05 11:30:00,b2,me,1490,46.6862577024,10.5798451965,70.78,10.25,107
2020-05-05 11:45:00,b2,me,1490,46.6862577024,10.5798451965,71.13,10.73,271
2020-05-05 12:00:00,b2,me,1490,46.6862577024,10.5798451965,58.69,12.22,55
2020-05-05 12:15:00,b2,me,1490,46.6862577024,10.5798451965,56.33,11.94,254
2020-05-05 12:30:00,b2,me,1490,46.6862577024,10.5798451965,56.02,11.8,272
2020-05-05 12:45:00,b2,me,1490,46.6862577024,10.5798451965,53.61,12.05,330
2020-05-05 13:00:00,b2,me,1490,46.6862577024,10.5798451965,54,12.51,255
2020-05-05 13:15:00,b2,me,1490,46.6862577024,10.5798451965,52.65,12.5,328
2020-05-05 13:30:00,b2,me,1490,46.6862577024,10.5798451965,56.21,11.95,3
2020-05-05 13:45:00,b2,me,1490,46.6862577024,10.5798451965,56.58,11.08,288
2020-05-05 14:00:00,b2,me,1490,46.6862577024,10.5798451965,54.21,10.73,338
2020-05-05 14:15:00,b2,me,1490,46.6862577024,10.5798451965,54.55,10.61,33
2020-05-05 14:30:00,b2,me,1490,46.6862577024,10.5798451965,54.23,10.59,359
2020-05-05 14:45:00,b2,me,1490,46.6862577024,10.5798451965,56.27,10.44,2
2020-05-05 15:00:00,b2,me,1490,46.6862577024,10.5798451965,56.16,10.34,22
2020-05-05 15:15:00,b2,me,1490,46.6862577024,10.5798451965,54.97,10.51,50
2020-05-05 15:30:00,b2,me,1490,46.6862577024,10.5798451965,57.61,11,203
2020-05-05 15:45:00,b2,me,1490,46.6862577024,10.5798451965,63.44,10.76,31
2020-05-05 16:00:00,b2,me,1490,46.6862577024,10.5798451965,61.04,10.58,346
2020-05-05 16:15:00,b2,me,1490,46.6862577024,10.5798451965,64.06,9.9,6
2020-05-05 16:30:00,b2,me,1490,46.6862577024,10.5798451965,60.96,10.09,36
2020-05-05 16:45:00,b2,me,1490,46.6862577024,10.5798451965,59.86,10.69,194
2020-05-05 17:00:00,b2,me,1490,46.6862577024,10.5798451965,59.31,11.13,256
2020-05-05 17:15:00,b2,me,1490,46.6862577024,10.5798451965,60.64,11.1,25
2020-05-05 17:30:00,b2,me,1490,46.6862577024,10.5798451965,62.72,11.25,216
2020-05-05 17:45:00,b2,me,1490,46.6862577024,10.5798451965,58.38,11.61,254
2020-05-05 18:00:00,b2,me,1490,46.6862577024,10.5798451965,58.92,11.54,28
2020-05-05 18:15:00,b2,me,1490,46.6862577024,10.5798451965,63.45,11.53,36
2020-05-05 18:30:00,b2,me,1490,46.6862577024,10.5798451965,61.75,11.56,114
2020-05-05 18:45:00,b2,me,1490,46.6862577024,10.5798451965,64.02,11.21,78
2020-05-05 19:00:00,b2,me,1490,46.6862577024,10.5798451965,61.32,11.12,48
2020-05-05 19:15:00,b2,me,1490,46.6862577024,10.5798451965,59.53,10.97,356
2020-05-05 19:30:00,b2,me,1490,46.6862577024,10.5798451965,49.48,11.82,219
2020-05-05 19:45:00,b2,me,1490,46.6862577024,10.5798451965,52,11.59,11
2020-05-05 20:00:00,b2,me,1490,46.6862577024,10.5798451965,54.91,11.06,359
2020-05-05 20:15:00,b2,me,1490,46.6862577024,10.5798451965,49.85,11.64,222
2020-05-05 20:30:00,b2,me,1490,46.6862577024,10.5798451965,59.48,10.76,292
2020-05-05 20:45:00,b2,me,1490,46.6862577024,10.5798451965,62.14,10.08,263
2020-05-05 21:00:00,b2,me,1490,46.6862577024,10.5798451965,65.99,9.6,31
2020-05-05 21:15:00,b2,me,1490,46.6862577024,10.5798451965,71.65,8.79,264
2020-05-05 21:30:00,b2,me,1490,46.6862577024,10.5798451965,73.69,8.58,45
2020-05-05 21:45:00,b2,me,1490,46.6862577024,10.5798451965,73.66,8.55,19
2020-05-05 22:00:00,b2,me,1490,46.6862577024,10.5798451965,74.45,8.46,228
2020-05-05 22:15:00,b2,me,1490,46.6862577024,10.5798451965,75.5,8.3,319
2020-05-05 22:30:00,b2,me,1490,46.6862577024,10.5798451965,75.83,8.33,14
2020-05-05 22:45:00,b2,me,1490,46.6862577024,10.5798451965,76.28,8.15,38
2020-05-05 23:00:00,b2,me,1490,46.6862577024,10.5798451965,74.67,8.13,53
2020-05-05 23:15:00,b2,me,1490,46.6862577024,10.5798451965,75.98,7.895,31
2020-05-05 23:30:00,b2,me,1490,46.6862577024,10.5798451965,76.6,7.717,46
2020-05-05 23:45:00,b2,me,1490,46.6862577024,10.5798451965,74.62,7.755,40
2020-05-06 00:00:00,b2,me,1490,46.6862577024,10.5798451965,73.87,7.694,342
2020-05-06 00:15:00,b2,me,1490,46.6862577024,10.5798451965,73.86,7.647,35
2020-05-06 00:30:00,b2,me,1490,46.6862577024,10.5798451965,72.67,7.726,25
2020-05-06 00:45:00,b2,me,1490,46.6862577024,10.5798451965,71.76,7.749,52
2020-05-06 01:00:00,b2,me,1490,46.6862577024,10.5798451965,65.27,8.4,352
2020-05-06 01:15:00,b2,me,1490,46.6862577024,10.5798451965,60.12,9.07,320
2020-05-06 01:30:00,b2,me,1490,46.6862577024,10.5798451965,58.11,9.25,1
2020-05-06 01:45:00,b2,me,1490,46.6862577024,10.5798451965,57.47,9.22,4
2020-05-06 02:00:00,b2,me,1490,46.6862577024,10.5798451965,59.39,8.92,356
2020-05-06 02:15:00,b2,me,1490,46.6862577024,10.5798451965,58.01,8.93,351
2020-05-06 02:30:00,b2,me,1490,46.6862577024,10.5798451965,58.27,8.82,351
2020-05-06 02:45:00,b2,me,1490,46.6862577024,10.5798451965,59.48,8.64,5
2020-05-06 03:00:00,b2,me,1490,46.6862577024,10.5798451965,61.29,8.19,346
2020-05-06 03:15:00,b2,me,1490,46.6862577024,10.5798451965,60.24,8.25,12
2020-05-06 03:30:00,b2,me,1490,46.6862577024,10.5798451965,58.07,8.51,6
2020-05-06 03:45:00,b2,me,1490,46.6862577024,10.5798451965,57.4,8.54,9
2020-05-06 04:00:00,b2,me,1490,46.6862577024,10.5798451965,54.75,8.72,301
2020-05-06 04:15:00,b2,me,1490,46.6862577024,10.5798451965,55.37,8.55,346
2020-05-06 04:30:00,b2,me,1490,46.6862577024,10.5798451965,55.59,8.45,330
2020-05-06 04:45:00,b2,me,1490,46.6862577024,10.5798451965,54.05,8.64,335
2020-05-06 05:00:00,b2,me,1490,46.6862577024,10.5798451965,54.04,8.74,349
2020-05-06 05:15:00,b2,me,1490,46.6862577024,10.5798451965,54.91,8.67,24
2020-05-06 05:30:00,b2,me,1490,46.6862577024,10.5798451965,56.92,8.46,21
2020-05-06 05:45:00,b2,me,1490,46.6862577024,10.5798451965,57.14,8.38,341
2020-05-06 06:00:00,b2,me,1490,46.6862577024,10.5798451965,54.44,8.71,348
2020-05-06 06:15:00,b2,me,1490,46.6862577024,10.5798451965,54.02,8.83,298
2020-05-06 06:30:00,b2,me,1490,46.6862577024,10.5798451965,54.13,8.82,290
2020-05-06 06:45:00,b2,me,1490,46.6862577024,10.5798451965,54.59,8.77,16
2020-05-06 07:00:00,b2,me,1490,46.6862577024,10.5798451965,56.03,8.63,339
2020-05-06 07:15:00,b2,me,1490,46.6862577024,10.5798451965,55.41,8.82,312
2020-05-06 07:30:00,b2,me,1490,46.6862577024,10.5798451965,54.96,8.97,333
2020-05-06 07:45:00,b2,me,1490,46.6862577024,10.5798451965,57.16,8.82,347
2020-05-06 08:00:00,b2,me,1490,46.6862577024,10.5798451965,57.06,8.95,346
2020-05-06 08:15:00,b2,me,1490,46.6862577024,10.5798451965,57.36,8.78,332
2020-05-06 08:30:00,b2,me,1490,46.6862577024,10.5798451965,56.57,9.29,304
2020-05-06 08:45:00,b2,me,1490,46.6862577024,10.5798451965,55.4,9.4,329
2020-05-06 09:00:00,b2,me,1490,46.6862577024,10.5798451965,54.19,9.53,291
2020-05-06 09:15:00,b2,me,1490,46.6862577024,10.5798451965,53.45,9.58,12
2020-05-06 09:30:00,b2,me,1490,46.6862577024,10.5798451965,53.13,9.73,308
2020-05-06 09:45:00,b2,me,1490,46.6862577024,10.5798451965,52.49,9.99,331
2020-05-06 10:00:00,b2,me,1490,46.6862577024,10.5798451965,51.58,9.77,317
2020-05-06 10:15:00,b2,me,1490,46.6862577024,10.5798451965,50.82,9.78,338
2020-05-06 10:30:00,b2,me,1490,46.6862577024,10.5798451965,47.69,10.2,315
2020-05-06 10:45:00,b2,me,1490,46.6862577024,10.5798451965,45.3,10.65,298
2020-05-06 11:00:00,b2,me,1490,46.6862577024,10.5798451965,42.59,10.69,343
